"id" ,"cnt"
13504,214
15714,214
1658 ,214
10461,214
10875,214
14811,214
1474 ,214
5809 ,214
4655 ,214
7707 ,214
15963,214
9455 ,214
13565,214
10330,214
9277 ,214
1859 ,214
196  ,214
2817 ,214
11720,214
8864 ,214
7801 ,214
13754,214
1692 ,214
16019,214
6976 ,214
2635 ,214
6669 ,214
8306 ,214
8422 ,214
16899,214
6190 ,214
5082 ,214
11363,214
5742 ,214
8691 ,214
5600 ,214
1771 ,214
9527 ,214
3992 ,214
14375,214
267  ,214
10740,214
3201 ,214
16002,214
13762,214
6587 ,214
17278,214
7472 ,214
8239 ,214
4988 ,214
13281,214
16697,214
7647 ,214
11282,214
5929 ,214
2488 ,214
2850 ,214
3525 ,214
12482,214
4649 ,214
11959,214
13615,214
8635 ,214
13028,214
295  ,214
12885,214
14826,214
13302,214
15753,214
4218 ,214
2096 ,214
4604 ,214
4016 ,214
9540 ,214
5799 ,214
9289 ,214
8437 ,214
51   ,214
5847 ,214
2862 ,214
14209,214
10343,214
145  ,214
8186 ,214
9832 ,214
8514 ,214
11372,214
10832,214
7602 ,214
16668,214
11381,214
16628,214
3248 ,214
10450,214
11562,214
15504,214
6151 ,214
8971 ,214
10575,214
12472,214
13506,214
2232 ,214
4080 ,214
10791,214
6593 ,214
223  ,214
3168 ,214
4350 ,214
929  ,214
8809 ,214
10973,214
3608 ,214
6196 ,214
16215,214
3904 ,214
894  ,214
14515,214
9062 ,214
17209,214
3889 ,214
6376 ,214
3969 ,214
16896,214
16329,214
7968 ,214
10246,214
11608,214
15108,214
9774 ,214
6526 ,214
14648,214
1434 ,214
14239,214
4253 ,214
12680,214
2128 ,214
6346 ,214
15292,214
5061 ,214
8866 ,214
8657 ,214
10881,214
12163,214
12716,214
13526,214
13909,214
14219,214
3030 ,214
6315 ,214
16193,214
1175 ,214
14900,214
768  ,214
6359 ,214
8846 ,214
2625 ,214
5988 ,214
5097 ,214
686  ,214
2608 ,214
8951 ,214
2811 ,214
8368 ,214
11358,214
7161 ,214
3822 ,214
9565 ,214
5865 ,214
924  ,214
10273,214
17223,214
6424 ,214
21   ,214
12453,214
8009 ,214
7517 ,214
10879,214
7196 ,214
15154,214
10592,214
7631 ,214
5207 ,214
3121 ,214
802  ,214
2917 ,214
8246 ,214
6144 ,214
10646,214
2940 ,214
1049 ,214
12781,214
12431,214
8632 ,214
14422,214
12934,214
52   ,214
6932 ,214
12921,214
4857 ,214
14568,214
4461 ,214
4086 ,214
14289,214
14152,214
6841 ,214
12464,214
1115 ,214
12144,214
8851 ,214
11135,214
4668 ,214
16536,214
9571 ,214
12493,214
6613 ,214
11254,214
8479 ,214
14796,214
8238 ,214
1753 ,214
8496 ,214
4416 ,214
11836,214
12798,214
14470,214
4209 ,214
2130 ,214
16204,214
16253,214
3709 ,214
14860,214
13015,214
6198 ,214
14784,214
2839 ,214
5579 ,214
2610 ,214
3964 ,214
84   ,214
9967 ,214
14477,214
12260,214
287  ,214
12917,214
3952 ,214
1609 ,214
7269 ,214
14174,214
6062 ,214
10999,214
7824 ,214
7679 ,214
12132,214
1536 ,214
14478,214
15164,214
4339 ,214
10300,214
3407 ,214
8916 ,214
16167,214
12905,214
1326 ,214
9105 ,214
11890,214
6129 ,214
12323,214
14783,214
7301 ,214
1579 ,214
9768 ,214
7985 ,214
7780 ,214
4720 ,214
13646,214
14861,214
14879,214
9924 ,214
9658 ,214
13278,214
1621 ,214
2401 ,214
5098 ,214
5957 ,214
10788,214
16698,214
9819 ,214
4553 ,214
10175,214
10165,214
6080 ,214
8939 ,214
4048 ,214
1073 ,214
6476 ,214
284  ,214
2458 ,214
2103 ,214
10146,214
12126,214
17008,214
13925,214
6709 ,214
14407,214
2855 ,214
15529,214
3591 ,214
13878,214
5621 ,214
8434 ,214
10816,214
5045 ,214
16426,214
4372 ,214
2887 ,214
11186,214
5072 ,214
10537,214
5447 ,214
6638 ,214
2602 ,214
13316,214
12979,214
3393 ,214
2655 ,214
2261 ,214
4991 ,214
10441,214
12546,214
569  ,214
16650,214
13208,214
8607 ,214
3559 ,214
2343 ,214
10418,214
7305 ,214
6494 ,214
14878,214
1057 ,214
93   ,214
9098 ,214
1823 ,214
6925 ,214
16741,214
14587,214
13167,214
5991 ,214
13457,214
16485,214
1863 ,214
1245 ,214
4100 ,214
3242 ,214
10653,214
9584 ,214
17098,214
4755 ,214
587  ,214
4243 ,214
1979 ,214
1429 ,214
3863 ,214
7100 ,214
6366 ,214
14605,214
10121,214
13093,214
8687 ,214
5913 ,214
17093,214
6389 ,214
5242 ,214
12518,214
11146,214
10651,214
11240,214
10719,214
17179,214
16462,214
13115,214
5549 ,214
7024 ,214
2101 ,214
12425,214
14099,214
4923 ,214
17361,214
5265 ,214
9713 ,214
6265 ,214
942  ,214
4077 ,214
15265,214
17241,214
1452 ,214
17373,214
11768,214
17196,214
17291,214
6466 ,214
15930,214
1996 ,214
4234 ,214
4466 ,214
15461,214
9128 ,214
8781 ,214
8763 ,214
16280,214
6916 ,214
13789,214
5133 ,214
16406,214
1717 ,214
8804 ,214
16365,214
7747 ,214
8836 ,214
15692,214
1185 ,214
11028,214
2136 ,214
2934 ,214
2311 ,214
13904,214
9088 ,214
8643 ,214
14971,214
4921 ,214
3956 ,214
3389 ,214
3382 ,214
12576,214
9212 ,214
8415 ,214
9384 ,214
8560 ,214
4145 ,214
5300 ,214
15084,214
5468 ,214
11633,214
12095,214
1976 ,214
8288 ,214
8769 ,214
13511,214
12261,214
10852,214
11315,214
2411 ,214
8543 ,214
12479,214
10695,214
9491 ,214
780  ,214
5478 ,214
5390 ,214
3180 ,214
1445 ,214
10488,214
7855 ,214
3440 ,214
8232 ,214
7838 ,214
8963 ,214
9494 ,214
7394 ,214
14177,214
3601 ,214
7971 ,214
7233 ,214
16402,214
3855 ,214
16808,214
6732 ,214
11344,214
5158 ,214
4578 ,214
5388 ,214
9874 ,214
1777 ,214
9458 ,214
8274 ,214
11596,214
16296,214
8744 ,214
9948 ,214
5052 ,214
4947 ,214
11013,214
1186 ,214
3888 ,214
14023,214
12783,214
9054 ,214
5695 ,214
14623,214
14483,214
11842,214
1109 ,214
3118 ,214
13831,214
10371,214
6522 ,214
6515 ,214
8469 ,214
11526,214
3909 ,214
2960 ,214
12292,214
1008 ,214
14303,214
2307 ,214
12950,214
11937,214
11545,214
3398 ,214
1127 ,214
1279 ,214
6295 ,214
636  ,214
7815 ,214
13152,214
10049,214
5766 ,214
8875 ,214
3529 ,214
12595,214
3009 ,214
17100,214
9903 ,214
2901 ,214
9171 ,214
7329 ,214
9797 ,214
7302 ,214
10813,214
11263,214
17288,214
207  ,214
3197 ,214
2234 ,214
14392,214
5588 ,214
8734 ,214
7242 ,214
1904 ,214
6529 ,214
2889 ,214
11204,214
2772 ,214
5118 ,214
7300 ,214
6564 ,214
14588,214
2296 ,214
13756,214
9840 ,214
151  ,214
16533,214
14966,214
6690 ,214
16554,214
15432,214
4746 ,214
15546,214
663  ,214
13503,214
10561,214
6640 ,214
11249,214
12278,214
150  ,214
9606 ,214
3001 ,214
11914,214
1599 ,214
3408 ,214
14503,214
2542 ,214
9579 ,214
12107,214
12681,214
515  ,214
9228 ,214
11007,214
16474,214
3472 ,214
8323 ,214
6229 ,214
13769,214
17126,214
10746,214
8322 ,214
16310,214
7032 ,214
10147,214
2318 ,214
12617,214
3110 ,214
16789,214
10858,214
12263,214
362  ,214
4828 ,214
14727,214
5606 ,214
12985,214
16903,214
9365 ,214
2243 ,214
9566 ,214
6236 ,214
12377,214
15539,214
344  ,214
5348 ,214
6904 ,214
16946,214
121  ,214
9414 ,214
3308 ,214
5444 ,214
1324 ,214
9702 ,214
11429,214
5376 ,214
8015 ,214
2363 ,214
16975,214
9704 ,214
6910 ,214
7066 ,214
11286,214
9247 ,214
13968,214
8762 ,214
10083,214
1885 ,214
4164 ,214
2769 ,214
15991,214
10885,214
13626,214
13776,214
16783,214
10223,214
13694,214
374  ,214
7212 ,214
16314,214
7593 ,214
4384 ,214
11123,214
10409,214
13643,214
12192,214
11233,214
10584,214
11892,214
4750 ,214
423  ,214
963  ,214
8791 ,214
4523 ,214
15400,214
11837,214
14286,214
10368,214
17038,214
7458 ,214
10940,214
3851 ,214
6121 ,214
9266 ,214
775  ,214
16879,214
1457 ,214
2832 ,214
17324,214
1511 ,214
14388,214
4965 ,214
17102,214
4114 ,214
10227,214
15341,214
16459,214
17066,214
6992 ,214
5967 ,214
5791 ,214
13046,214
2367 ,214
4610 ,214
16963,214
4959 ,214
3941 ,214
5701 ,214
10562,214
12037,214
11327,214
11563,214
8728 ,214
1588 ,214
9600 ,214
3332 ,214
2046 ,214
12813,214
1309 ,214
6852 ,214
10136,214
6751 ,214
10623,214
16539,214
7760 ,214
3598 ,214
13829,214
2784 ,214
16025,214
766  ,214
5462 ,214
2583 ,214
9273 ,214
11712,214
6031 ,214
7452 ,214
8863 ,214
10577,214
2955 ,214
15480,214
5080 ,214
10305,214
5751 ,214
6489 ,214
17108,214
8701 ,214
3054 ,214
9632 ,214
16892,214
15228,214
13921,214
9450 ,214
11977,214
8160 ,214
1435 ,214
2624 ,214
8456 ,214
14485,214
4156 ,214
8266 ,214
13391,214
16815,214
592  ,214
9783 ,214
8977 ,214
5870 ,214
12799,214
13413,214
12853,214
11062,214
10015,214
12549,214
5223 ,214
15591,214
11998,214
7832 ,214
13907,214
14300,214
12924,214
14545,214
9752 ,214
10686,214
1729 ,214
5615 ,214
1872 ,214
16487,214
9689 ,214
8318 ,214
9720 ,214
14907,214
6354 ,214
5835 ,214
4219 ,214
12951,214
12178,214
9755 ,214
11289,214
6615 ,214
7053 ,214
14688,214
4775 ,214
2497 ,214
9333 ,214
10154,214
13573,214
1149 ,214
8828 ,214
109  ,214
13314,214
1942 ,214
8934 ,214
3182 ,214
2591 ,214
16003,214
5938 ,214
12404,214
12465,214
8568 ,214
1993 ,214
14933,214
7290 ,214
7818 ,214
584  ,214
310  ,214
13253,214
8222 ,214
16953,214
6853 ,214
16503,214
1344 ,214
15037,214
13010,214
2339 ,214
9697 ,214
16344,214
6154 ,214
14401,214
7605 ,214
4510 ,214
13428,214
4786 ,214
7790 ,214
11104,214
15604,214
10531,214
4400 ,214
243  ,214
16745,214
14765,214
8028 ,214
14598,214
8116 ,214
910  ,214
9983 ,214
9626 ,214
8677 ,214
15128,214
15184,214
9744 ,214
14481,214
10350,214
6373 ,214
1568 ,214
1479 ,214
12526,214
7462 ,214
1064 ,214
3841 ,214
6600 ,214
15127,214
1417 ,214
10980,214
17239,214
1499 ,214
4667 ,214
9415 ,214
16194,214
5687 ,214
15891,214
16998,214
9534 ,214
4737 ,214
2418 ,214
14061,214
10112,214
8490 ,214
16588,214
5762 ,214
16175,214
14976,214
12581,214
9602 ,214
9845 ,214
4238 ,214
16513,214
13558,214
6754 ,214
4247 ,214
3306 ,214
3043 ,214
15535,214
4682 ,214
119  ,214
14616,214
12111,214
6058 ,214
16163,214
4820 ,214
9829 ,214
17067,214
17187,214
9081 ,214
868  ,214
7898 ,214
7045 ,214
17015,214
10478,214
16889,214
1986 ,214
5846 ,214
5759 ,214
14079,214
16910,214
14775,214
4389 ,214
3338 ,214
8760 ,214
11724,214
3236 ,214
10831,214
10381,214
13737,214
562  ,214
4539 ,214
5339 ,214
14093,214
15316,214
10275,214
4222 ,214
17032,214
17204,214
2722 ,214
2948 ,214
16073,214
16791,214
2200 ,214
15433,214
14661,214
14062,214
8398 ,214
4892 ,214
11600,214
14553,214
6851 ,214
16669,214
9942 ,214
10008,214
4071 ,214
37   ,214
3193 ,214
7090 ,214
411  ,214
3981 ,214
8665 ,214
11347,214
12321,214
11438,214
370  ,214
7636 ,214
13350,214
6550 ,214
14287,214
14888,214
5904 ,214
7689 ,214
8473 ,214
12594,214
11329,214
16820,214
4248 ,214
11910,214
9083 ,214
6367 ,214
5804 ,214
16244,214
14456,214
11840,214
13507,214
7282 ,214
12062,214
10312,214
13026,214
2730 ,214
877  ,214
13922,214
6761 ,214
3305 ,214
5287 ,214
16993,214
10052,214
17045,214
1534 ,214
16729,214
15494,214
14905,214
282  ,214
13374,214
9665 ,214
2358 ,214
6302 ,214
9705 ,214
6965 ,214
15793,214
5241 ,214
6686 ,214
15804,214
13765,214
1259 ,214
6368 ,214
7650 ,214
6248 ,214
14178,214
7492 ,214
17018,214
8482 ,214
6869 ,214
8605 ,214
16548,214
14633,214
429  ,214
10901,214
13693,214
6115 ,214
15413,214
935  ,214
8969 ,214
12379,214
4877 ,214
786  ,214
7622 ,214
5970 ,214
1585 ,214
15706,214
9867 ,214
12285,214
6437 ,214
9342 ,214
4673 ,214
14158,214
6875 ,214
16673,214
4351 ,214
9363 ,214
10168,214
14776,214
7616 ,214
420  ,214
2593 ,214
14622,214
6905 ,214
15906,214
15438,214
9976 ,214
3739 ,214
5745 ,214
11508,214
7562 ,214
12210,214
4867 ,214
8453 ,214
16302,214
9932 ,214
7103 ,214
1254 ,214
12421,214
15496,214
3405 ,214
4251 ,214
3258 ,214
5841 ,214
14889,214
3544 ,214
15429,214
16837,214
17081,214
2904 ,214
14328,214
4066 ,214
15607,214
9413 ,214
10192,214
5633 ,214
3449 ,214
17122,214
176  ,214
5774 ,214
9523 ,214
595  ,214
10242,214
4123 ,214
7916 ,214
6153 ,214
11203,214
2946 ,214
15468,214
7683 ,214
3106 ,214
14347,214
8708 ,214
7586 ,214
7117 ,214
12053,214
13572,214
10510,214
16134,214
1201 ,214
12325,214
4615 ,214
15052,214
15829,214
8261 ,214
10097,214
790  ,214
5798 ,214
11694,214
11853,214
7225 ,214
3714 ,214
13566,214
5832 ,214
2541 ,214
9116 ,214
13551,214
1786 ,214
6413 ,214
3934 ,214
666  ,214
9387 ,214
5387 ,214
3006 ,214
4158 ,214
7953 ,214
14145,214
218  ,214
6385 ,214
10044,214
1467 ,214
15938,214
7503 ,214
2892 ,214
16478,214
8486 ,214
1795 ,214
14725,214
15250,214
12867,214
8279 ,214
5956 ,214
1687 ,214
8892 ,214
560  ,214
9334 ,214
4502 ,214
16633,214
1055 ,214
14646,214
7725 ,214
5436 ,214
9619 ,214
12495,214
3075 ,214
12500,214
14489,214
6179 ,214
4568 ,214
14458,214
14849,214
5419 ,214
11792,214
9569 ,214
3817 ,214
16012,214
275  ,214
3521 ,214
4405 ,214
5630 ,214
16960,214
12064,214
16835,214
6300 ,214
7803 ,214
15225,214
15078,214
13288,214
1330 ,214
16767,214
1782 ,214
14506,214
2748 ,214
11047,214
10237,214
6951 ,214
1002 ,214
14331,214
11927,214
7991 ,214
1701 ,214
14296,214
4178 ,214
16509,214
13743,214
12359,214
11661,214
997  ,214
5264 ,214
6859 ,214
5853 ,214
11037,214
11843,214
9793 ,214
15733,214
6755 ,214
7998 ,214
2759 ,214
14   ,214
16516,214
11471,214
9487 ,214
973  ,214
4313 ,214
2711 ,214
12991,214
14439,214
9498 ,214
1642 ,214
6339 ,214
15850,214
16177,214
11556,214
3404 ,214
14942,214
10025,214
14514,214
12423,214
2132 ,214
17363,214
1267 ,214
543  ,214
9837 ,214
15363,214
8414 ,214
5948 ,214
16930,214
11357,214
14573,214
7849 ,214
10892,214
3623 ,214
4091 ,214
1284 ,214
4067 ,214
4653 ,214
2648 ,214
1854 ,214
3857 ,214
8204 ,214
7741 ,214
10372,214
8929 ,214
8984 ,214
8074 ,214
1681 ,214
16919,214
15465,214
12036,214
11511,214
2010 ,214
14453,214
5325 ,214
14701,214
2385 ,214
219  ,214
10014,214
10587,214
16130,214
10070,214
6701 ,214
8064 ,214
532  ,214
14329,214
15177,214
9944 ,214
16015,214
1537 ,214
5096 ,214
5246 ,214
15889,214
3800 ,214
9462 ,214
14385,214
3062 ,214
5142 ,214
15916,214
7523 ,214
13943,214
322  ,214
6406 ,214
2619 ,214
508  ,214
14895,214
9633 ,214
16982,214
15427,214
10801,214
11916,214
6311 ,214
2935 ,214
11997,214
16261,214
1893 ,214
4634 ,214
7111 ,214
12800,214
7959 ,214
12033,214
7176 ,214
13053,214
16236,214
9300 ,214
5124 ,214
715  ,214
13690,214
7891 ,214
5737 ,214
9433 ,214
1852 ,214
10255,214
11926,214
16862,214
3635 ,214
9732 ,214
11707,214
11982,214
928  ,214
12275,214
5581 ,214
4206 ,214
1327 ,214
11198,214
3364 ,214
7582 ,214
8200 ,214
13529,214
10355,214
5702 ,214
14189,214
4654 ,214
11096,214
5046 ,214
12045,214
3391 ,214
9329 ,214
260  ,214
5035 ,214
2685 ,214
2445 ,214
10118,214
10684,214
16131,214
9906 ,214
14081,214
12603,214
796  ,214
627  ,214
7735 ,214
11161,214
11092,214
2085 ,214
9    ,214
10617,214
16691,214
14060,214
1576 ,214
6579 ,214
107  ,214
9524 ,214
3512 ,214
10694,214
6499 ,214
12764,214
2220 ,214
325  ,214
16054,214
8045 ,214
13345,214
10809,214
5674 ,214
10789,214
17097,214
8520 ,214
15785,214
6391 ,214
13186,214
3771 ,214
11634,214
16044,214
17313,214
2446 ,214
11561,214
6483 ,214
10072,214
10039,214
15319,214
12081,214
8072 ,214
15575,214
2340 ,214
2551 ,214
964  ,214
9023 ,214
16525,214
185  ,214
16739,214
16507,214
12134,214
4918 ,214
10027,214
10028,214
11482,214
9718 ,214
2302 ,214
12616,214
14011,214
17362,214
8476 ,214
15151,214
2997 ,214
3565 ,214
7905 ,214
16646,214
16870,214
7168 ,214
11444,214
6177 ,214
13608,214
13969,214
2717 ,214
14308,214
6954 ,214
11003,214
7490 ,214
14555,214
2978 ,214
16262,214
9480 ,214
7404 ,214
15477,214
14277,214
1857 ,214
3917 ,214
15515,214
4517 ,214
675  ,214
4751 ,214
3877 ,214
2133 ,214
3453 ,214
6682 ,214
1310 ,214
2303 ,214
13262,214
12160,214
8852 ,214
8207 ,214
17168,214
2883 ,214
4779 ,214
16227,214
16938,214
11864,214
13706,214
8187 ,214
5411 ,214
1206 ,214
17368,214
15252,214
994  ,214
725  ,214
1734 ,214
15873,214
8566 ,214
11765,214
2045 ,214
11219,214
15578,214
1712 ,214
5383 ,214
5258 ,214
15743,214
16939,214
8364 ,214
8812 ,214
6047 ,214
9877 ,214
14987,214
10127,214
1243 ,214
568  ,214
13791,214
17161,214
11985,214
10101,214
17240,214
7506 ,214
2911 ,214
16956,214
637  ,214
12670,214
885  ,214
3671 ,214
9507 ,214
13585,214
15510,214
7438 ,214
10307,214
14242,214
8302 ,214
15056,214
3112 ,214
14363,214
13541,214
6794 ,214
6620 ,214
6847 ,214
6180 ,214
16189,214
17194,214
4258 ,214
17354,214
126  ,214
15342,214
16361,214
2852 ,214
4027 ,214
6635 ,214
14920,214
17228,214
15029,214
6301 ,214
17070,214
1547 ,214
9246 ,214
553  ,214
8827 ,214
4155 ,214
1940 ,214
1154 ,214
15061,214
6012 ,214
14631,214
125  ,214
13888,214
2495 ,214
13870,214
13292,214
11102,214
7767 ,214
13654,214
12073,214
6590 ,214
3782 ,214
7565 ,214
1063 ,214
5528 ,214
2757 ,214
10744,214
9675 ,214
1746 ,214
17345,214
11553,214
8634 ,214
6898 ,214
16234,214
17305,214
6984 ,214
11777,214
7128 ,214
6082 ,214
15455,214
11541,214
7133 ,214
16616,214
3203 ,214
1357 ,214
16305,214
16659,214
6222 ,214
1493 ,214
12865,214
1234 ,214
1737 ,214
11668,214
5349 ,214
13556,214
7908 ,214
8152 ,214
144  ,214
14229,214
906  ,214
5069 ,214
14492,214
14974,214
6772 ,214
7422 ,214
11098,214
14398,214
10475,214
12815,214
12634,214
6750 ,214
13168,214
2189 ,214
338  ,214
6166 ,214
3844 ,214
6106 ,214
3350 ,214
10922,214
14156,214
9530 ,214
13296,214
3314 ,214
2003 ,214
8115 ,214
6160 ,214
3590 ,214
10182,214
5047 ,214
6249 ,214
6421 ,214
7080 ,214
4103 ,214
11610,214
7652 ,214
13601,214
8867 ,214
15737,214
4417 ,214
16277,214
9715 ,214
14163,214
10690,214
3443 ,214
4478 ,214
4064 ,214
617  ,214
7752 ,214
4402 ,214
6718 ,214
5868 ,214
4482 ,214
5486 ,214
14567,214
4950 ,214
3982 ,214
8721 ,214
11756,214
6148 ,214
16106,214
16008,214
11506,214
9792 ,214
2838 ,214
1641 ,214
15925,214
662  ,214
12281,214
5878 ,214
6444 ,214
8799 ,214
10059,214
3288 ,214
15476,214
10783,214
3684 ,214
10229,214
3427 ,214
14346,214
4948 ,214
3013 ,214
5471 ,214
9280 ,214
8725 ,214
10365,214
4983 ,214
8259 ,214
15896,214
6785 ,214
14164,214
15089,214
4359 ,214
15364,214
16952,214
6891 ,214
16500,214
4428 ,214
13950,214
11491,214
12382,214
11611,214
5217 ,214
10289,214
11087,214
192  ,214
1227 ,214
11891,214
12488,214
1066 ,214
9518 ,214
3911 ,214
11231,214
795  ,214
17243,214
13990,214
16625,214
9070 ,214
7191 ,214
14021,214
14855,214
8483 ,214
9326 ,214
7207 ,214
1810 ,214
3938 ,214
16109,214
5122 ,214
8880 ,214
628  ,214
6826 ,214
5251 ,214
10058,214
3798 ,214
12740,214
12882,214
11361,214
7463 ,214
14265,214
1190 ,214
3638 ,214
7173 ,214
8979 ,214
8707 ,214
6995 ,214
16332,214
15790,214
9908 ,214
1806 ,214
5557 ,214
8656 ,214
3713 ,214
7927 ,214
3763 ,214
3531 ,214
6558 ,214
6714 ,214
7220 ,214
14449,214
13906,214
10637,214
2090 ,214
16579,214
8192 ,214
16120,214
5371 ,214
7189 ,214
4447 ,214
8067 ,214
10512,214
16664,214
6221 ,214
12656,214
8128 ,214
5575 ,214
8330 ,214
12266,214
15599,214
11666,214
13653,214
327  ,214
7556 ,214
712  ,214
13881,214
3534 ,214
1283 ,214
7020 ,214
9887 ,214
3573 ,214
8913 ,214
6214 ,214
16865,214
11492,214
769  ,214
14779,214
11814,214
8835 ,214
7934 ,214
6993 ,214
12050,214
2173 ,214
1656 ,214
5706 ,214
6747 ,214
11570,214
13749,214
3528 ,214
10047,214
15696,214
8429 ,214
436  ,214
6019 ,214
7037 ,214
7596 ,214
640  ,214
10   ,214
1548 ,214
10018,214
860  ,214
12364,214
14628,214
12339,214
12583,214
3509 ,214
11352,214
14340,214
792  ,214
2425 ,214
5302 ,214
13847,214
14785,214
14903,214
5480 ,214
11601,214
9928 ,214
7659 ,214
15406,214
6063 ,214
10318,214
16715,214
16893,214
8489 ,214
17372,214
11660,214
8697 ,214
7682 ,214
7623 ,214
12563,214
2992 ,214
3262 ,214
16027,214
2692 ,214
6668 ,214
279  ,214
13746,214
6811 ,214
2141 ,214
4203 ,214
2752 ,214
1387 ,214
2562 ,214
12172,214
16429,214
2364 ,214
15684,214
14345,214
8203 ,214
16323,214
12997,214
3047 ,214
1295 ,214
2778 ,214
1383 ,214
11895,214
1316 ,214
15395,214
7773 ,214
9292 ,214
2848 ,214
9963 ,214
9690 ,214
15215,214
14467,214
16178,214
1938 ,214
11392,214
15119,214
10717,214
13519,214
12913,214
6427 ,214
4824 ,214
5985 ,214
8213 ,214
10906,214
14530,214
7349 ,214
15635,214
17183,214
10433,214
5923 ,214
13884,214
15227,214
6830 ,214
10317,214
2840 ,214
10302,214
7504 ,214
1722 ,214
5055 ,214
23   ,214
11378,214
501  ,214
5364 ,214
12224,214
10848,214
8637 ,214
917  ,214
12253,214
5179 ,214
4277 ,214
9398 ,214
10276,214
14029,214
5776 ,214
3274 ,214
11441,214
17   ,214
312  ,214
5639 ,214
7416 ,214
2990 ,214
12664,214
14643,214
8575 ,214
16258,214
9578 ,214
13121,214
5749 ,214
17374,214
823  ,214
9364 ,214
13899,214
100  ,214
15678,214
16535,214
12791,214
3806 ,214
8243 ,214
14745,214
14866,214
7617 ,214
10727,214
17048,214
14820,214
12477,214
6838 ,214
3823 ,214
12542,214
14831,214
15652,214
13721,214
3742 ,214
1132 ,214
12611,214
2361 ,214
12564,214
17121,214
12476,214
1332 ,214
16754,214
412  ,214
11232,214
15833,214
16062,214
3777 ,214
15200,214
12523,214
6654 ,214
12524,214
9472 ,214
3722 ,214
5660 ,214
17152,214
6056 ,214
6474 ,214
6695 ,214
6394 ,214
11641,214
12313,214
742  ,214
17245,214
92   ,214
5262 ,214
10377,214
9086 ,214
15939,214
7901 ,214
182  ,214
2294 ,214
13674,214
4487 ,214
2873 ,214
1419 ,214
206  ,214
14579,214
4174 ,214
11086,214
6330 ,214
13649,214
2204 ,214
8058 ,214
6844 ,214
9022 ,214
4438 ,214
11155,214
10611,214
4435 ,214
9399 ,214
9707 ,214
8962 ,214
7787 ,214
930  ,214
1989 ,214
10701,214
16113,214
9187 ,214
3685 ,214
451  ,214
3196 ,214
11220,214
2009 ,214
17282,214
6130 ,214
9913 ,214
2894 ,214
11044,214
10517,214
16360,214
5057 ,214
4199 ,214
6799 ,214
624  ,214
15707,214
14752,214
5524 ,214
691  ,214
17063,214
6743 ,214
7284 ,214
2295 ,214
5642 ,214
15110,214
9314 ,214
12147,214
16663,214
5593 ,214
8254 ,214
12102,214
14438,214
12276,214
1147 ,214
5274 ,214
8211 ,214
10050,214
3960 ,214
9694 ,214
11613,214
670  ,214
15143,214
2070 ,214
1469 ,214
16226,214
354  ,214
6817 ,214
1304 ,214
6655 ,214
16731,214
10937,214
15716,214
6880 ,214
13937,214
2486 ,214
12186,214
9921 ,214
7915 ,214
12460,214
12153,214
15920,214
14717,214
10091,214
6894 ,214
14293,214
807  ,214
13331,214
15624,214
9827 ,214
2409 ,214
4317 ,214
6344 ,214
12767,214
6729 ,214
10222,214
2937 ,214
17191,214
5538 ,214
15900,214
4325 ,214
4835 ,214
12780,214
15840,214
8680 ,214
13318,214
11872,214
2201 ,214
9007 ,214
17026,214
2399 ,214
12683,214
16692,214
7078 ,214
1433 ,214
16213,214
13074,214
11376,214
12486,214
11209,214
632  ,214
6137 ,214
8666 ,214
13843,214
17268,214
7534 ,214
16940,214
2185 ,214
1437 ,214
15883,214
14923,214
15165,214
12802,214
539  ,214
16145,214
9046 ,214
13228,214
8329 ,214
17111,214
7062 ,214
16046,214
13538,214
131  ,214
13914,214
13187,214
4749 ,214
12035,214
11192,214
523  ,214
13355,214
79   ,214
15302,214
6159 ,214
2366 ,214
6800 ,214
11334,214
3010 ,214
13917,214
2283 ,214
13705,214
11904,214
14540,214
9577 ,214
5916 ,214
14932,214
3515 ,214
5403 ,214
16787,214
8055 ,214
4787 ,214
14176,214
15121,214
9592 ,214
5345 ,214
3807 ,214
16   ,214
8137 ,214
527  ,214
7920 ,214
15654,214
4413 ,214
1455 ,214
1714 ,214
9754 ,214
12771,214
5389 ,214
13800,214
12485,214
1969 ,214
11576,214
11716,214
6195 ,214
7569 ,214
2017 ,214
14804,214
14510,214
3578 ,214
6704 ,214
7338 ,214
28   ,214
2984 ,214
15695,214
5717 ,214
1363 ,214
9131 ,214
17039,214
2641 ,214
708  ,214
8221 ,214
15630,214
16417,214
4605 ,214
13097,214
13713,214
11365,214
8335 ,214
4650 ,214
13059,214
220  ,214
2040 ,214
12748,214
3631 ,214
11439,214
11520,214
11486,214
7858 ,214
17107,214
15966,214
11122,214
6065 ,214
11371,214
2565 ,214
15588,214
13852,214
1532 ,214
4657 ,214
15762,214
6863 ,214
6331 ,214
15687,214
17286,214
17330,214
13002,214
453  ,214
510  ,214
2044 ,214
5361 ,214
10721,214
3239 ,214
6061 ,214
3155 ,214
480  ,214
6559 ,214
11621,214
12624,214
5554 ,214
6957 ,214
11229,214
16506,214
15287,214
8212 ,214
4701 ,214
7588 ,214
17060,214
8057 ,214
597  ,214
17357,214
3809 ,214
15983,214
14868,214
7516 ,214
4542 ,214
3725 ,214
9902 ,214
1472 ,214
2841 ,214
3212 ,214
3128 ,214
15086,214
12287,214
12239,214
2581 ,214
11920,214
14058,214
6985 ,214
15253,214
16038,214
2777 ,214
3901 ,214
15723,214
7757 ,214
10545,214
16722,214
6446 ,214
4073 ,214
13710,214
7434 ,214
13480,214
5591 ,214
4743 ,214
15763,214
12996,214
8756 ,214
9975 ,214
13836,214
8107 ,214
11252,214
2415 ,214
2435 ,214
8901 ,214
9821 ,214
12531,214
12569,214
17167,214
8709 ,214
6899 ,214
11956,214
14806,214
13860,214
9843 ,214
11530,214
1420 ,214
4896 ,214
15315,214
15704,214
4214 ,214
15130,214
16971,214
16165,214
2845 ,214
8352 ,214
2746 ,214
17065,214
16522,214
10552,214
728  ,214
3053 ,214
16914,214
9195 ,214
4241 ,214
1431 ,214
12904,214
4021 ,214
6601 ,214
5975 ,214
4554 ,214
5609 ,214
7706 ,214
1052 ,214
5407 ,214
2089 ,214
17202,214
5534 ,214
309  ,214
10883,214
13861,214
3632 ,214
12760,214
11181,214
14075,214
2269 ,214
11423,214
8930 ,214
16796,214
5911 ,214
6087 ,214
9409 ,214
2988 ,214
7754 ,214
15132,214
1625 ,214
8291 ,214
11464,214
1956 ,214
1928 ,214
6480 ,214
7243 ,214
7340 ,214
2167 ,214
11527,214
16484,214
11009,214
13088,214
12057,214
7489 ,214
14531,214
15145,214
3307 ,214
3077 ,214
8164 ,214
12671,214
5186 ,214
10920,214
67   ,214
13414,214
13539,214
7445 ,214
7449 ,214
575  ,214
1907 ,214
10838,214
9864 ,214
14420,214
40   ,214
15004,214
10638,214
12471,214
6468 ,214
8726 ,214
11023,214
9847 ,214
8314 ,214
4644 ,214
5115 ,214
8902 ,214
2408 ,214
15845,214
6584 ,214
13505,214
6771 ,214
8686 ,214
12469,214
3177 ,214
106  ,214
7770 ,214
9014 ,214
14732,214
9558 ,214
7635 ,214
7789 ,214
2274 ,214
11962,214
2733 ,214
15282,214
10683,214
11793,214
12474,214
103  ,214
7726 ,214
463  ,214
16369,214
14871,214
10598,214
9111 ,214
1202 ,214
9439 ,214
11651,214
2135 ,214
10111,214
16596,214
3784 ,214
10706,214
10215,214
10755,214
7816 ,214
5616 ,214
12738,214
7733 ,214
3922 ,214
15201,214
13493,214
4532 ,214
6974 ,214
3481 ,214
3240 ,214
13609,214
6776 ,214
10777,214
7759 ,214
11894,214
16346,214
6775 ,214
1957 ,214
17117,214
1067 ,214
3951 ,214
9452 ,214
12918,214
6839 ,214
387  ,214
16725,214
857  ,214
7047 ,214
11907,214
2931 ,214
9645 ,214
6279 ,214
4754 ,214
15460,214
13219,214
7996 ,214
12673,214
9573 ,214
2798 ,214
14851,214
13066,214
9795 ,214
9568 ,214
13758,214
1605 ,214
7442 ,214
1070 ,214
1837 ,214
3762 ,214
2012 ,214
87   ,214
15791,214
1635 ,214
8538 ,214
10558,214
15218,214
918  ,214
9485 ,214
13221,214
6658 ,214
8700 ,214
9140 ,214
13610,214
2288 ,214
127  ,214
14822,214
6819 ,214
16736,214
16810,214
2468 ,214
1016 ,214
5755 ,214
10199,214
5401 ,214
10865,214
14212,214
717  ,214
13892,214
5367 ,214
11587,214
9034 ,214
6326 ,214
3789 ,214
11735,214
17370,214
5117 ,214
7370 ,214
7717 ,214
11300,214
1542 ,214
3553 ,214
16479,214
758  ,214
15411,214
13132,214
12794,214
12585,214
12196,214
1575 ,214
10408,214
16642,214
549  ,214
9055 ,214
12143,214
9982 ,214
10557,214
12468,214
7704 ,214
11629,214
1238 ,214
14823,214
8012 ,214
6572 ,214
10799,214
16708,214
6942 ,214
13271,214
9547 ,214
4658 ,214
14430,214
12396,214
189  ,214
6109 ,214
16881,214
7469 ,214
4440 ,214
9079 ,214
9179 ,214
2119 ,214
12084,214
15258,214
7447 ,214
15800,214
4401 ,214
14252,214
5787 ,214
10042,214
5029 ,214
1818 ,214
15071,214
6719 ,214
9237 ,214
168  ,214
9215 ,214
6801 ,214
7645 ,214
9940 ,214
10767,214
8494 ,214
12610,214
6808 ,214
16349,214
16647,214
14590,214
205  ,214
14722,214
8593 ,214
14674,214
10582,214
2191 ,214
4412 ,214
15855,214
5813 ,214
1883 ,214
17034,214
9526 ,214
6050 ,214
6304 ,214
12890,214
5614 ,214
12140,214
17208,214
2776 ,214
2    ,214
15499,214
2065 ,214
10012,214
11421,214
11683,214
10043,214
3814 ,214
9385 ,214
9934 ,214
7317 ,214
11857,214
6384 ,214
13362,214
4902 ,214
16411,214
5499 ,214
16684,214
7993 ,214
14756,214
364  ,214
1584 ,214
257  ,214
2313 ,214
16040,214
8032 ,214
4635 ,214
6822 ,214
2098 ,214
16589,214
5422 ,214
15801,214
12770,214
677  ,214
397  ,214
14960,214
2783 ,214
5354 ,214
3994 ,214
13075,214
10616,214
15160,214
14642,214
1271 ,214
3697 ,214
14260,214
6672 ,214
10179,214
2213 ,214
7922 ,214
11288,214
14592,214
14977,214
6140 ,214
3276 ,214
16465,214
12272,214
14234,214
8949 ,214
42   ,214
4791 ,214
15778,214
8271 ,214
16979,214
1682 ,214
11436,214
8004 ,214
16490,214
1104 ,214
16716,214
12536,214
11918,214
1998 ,214
5580 ,214
767  ,214
2584 ,214
7502 ,214
2300 ,214
13330,214
6624 ,214
7952 ,214
17340,214
13448,214
15214,214
9878 ,214
15424,214
2525 ,214
15943,214
14394,214
6307 ,214
2809 ,214
11079,214
6021 ,214
12606,214
3773 ,214
8103 ,214
6881 ,214
4971 ,214
6805 ,214
1014 ,214
4308 ,214
4952 ,214
4040 ,214
11816,214
4098 ,214
14196,214
14041,214
5964 ,214
1165 ,214
11057,214
17321,214
1011 ,214
3588 ,214
2738 ,214
487  ,214
12000,214
13915,214
8250 ,214
8462 ,214
14541,214
11246,214
3279 ,214
1336 ,214
16352,214
13818,214
9522 ,214
12076,214
116  ,214
16962,214
10819,214
5535 ,214
15742,214
934  ,214
8730 ,214
13269,214
14536,214
9421 ,214
3037 ,214
10851,214
7914 ,214
1867 ,214
10918,214
8590 ,214
10730,214
317  ,214
16594,214
6044 ,214
15082,214
12375,214
12446,214
1282 ,214
14691,214
3703 ,214
7687 ,214
9892 ,214
16631,214
1145 ,214
10053,214
6509 ,214
9978 ,214
16636,214
8796 ,214
6554 ,214
3986 ,214
13859,214
4806 ,214
13176,214
561  ,214
11349,214
8757 ,214
5253 ,214
11990,214
11070,214
14734,214
10060,214
15950,214
10173,214
15391,214
13560,214
10682,214
7244 ,214
13156,214
16400,214
13617,214
7104 ,214
2629 ,214
11882,214
2909 ,214
12512,214
16205,214
15633,214
10279,214
11269,214
2800 ,214
13435,214
6528 ,214
4708 ,214
3235 ,214
2108 ,214
6721 ,214
16966,214
12545,214
10212,214
980  ,214
15705,214
5771 ,214
8092 ,214
8519 ,214
8347 ,214
9646 ,214
16283,214
16307,214
14429,214
4378 ,214
1209 ,214
5880 ,214
14702,214
6188 ,214
13456,214
346  ,214
13293,214
13356,214
4946 ,214
15852,214
1624 ,214
14724,214
4889 ,214
5576 ,214
7924 ,214
3811 ,214
228  ,214
4075 ,214
414  ,214
7388 ,214
14736,214
6659 ,214
3142 ,214
13035,214
11099,214
16389,214
8597 ,214
2511 ,214
13867,214
8659 ,214
14746,214
7777 ,214
15693,214
10525,214
15097,214
5020 ,214
6113 ,214
3245 ,214
15608,214
11615,214
2170 ,214
566  ,214
14204,214
2521 ,214
11978,214
11819,214
11510,214
13096,214
7286 ,214
10603,214
6259 ,214
16986,214
14312,214
6244 ,214
14211,214
10850,214
6953 ,214
6878 ,214
4586 ,214
12449,214
5705 ,214
6791 ,214
12418,214
4676 ,214
10023,214
14877,214
7935 ,214
15853,214
7231 ,214
15680,214
13164,214
5099 ,214
5883 ,214
4230 ,214
4637 ,214
5513 ,214
16970,214
15079,214
10236,214
5743 ,214
12233,214
15689,214
14418,214
8495 ,214
4839 ,214
8724 ,214
12162,214
15311,214
2665 ,214
16584,214
1334 ,214
13664,214
2527 ,214
10536,214
6789 ,214
2993 ,214
12836,214
9886 ,214
3937 ,214
4598 ,214
4818 ,214
137  ,214
11310,214
8833 ,214
14657,214
1121 ,214
7064 ,214
27   ,214
8702 ,214
3415 ,214
15837,214
8386 ,214
11029,214
7102 ,214
4566 ,214
492  ,214
5530 ,214
13862,214
10704,214
6415 ,214
4830 ,214
16319,214
13874,214
7259 ,214
5926 ,214
10579,214
15149,214
12197,214
2956 ,214
15911,214
4684 ,214
2414 ,214
13731,214
15435,214
9862 ,214
13019,214
1141 ,214
5590 ,214
1249 ,214
5882 ,214
4887 ,214
3848 ,214
2140 ,214
950  ,214
5438 ,214
1137 ,214
10971,214
8488 ,214
12174,214
11675,214
8771 ,214
11262,214
3991 ,214
5836 ,214
6994 ,214
10041,214
14473,214
10403,214
10413,214
15725,214
15600,214
9664 ,214
8775 ,214
10729,214
6607 ,214
5415 ,214
4788 ,214
13426,214
1917 ,214
4035 ,214
5529 ,214
518  ,214
7796 ,214
4133 ,214
3883 ,214
10509,214
5611 ,214
13780,214
16290,214
16875,214
1035 ,214
13085,214
6025 ,214
7811 ,214
17190,214
13430,214
14499,214
16826,214
15403,214
511  ,214
1684 ,214
4581 ,214
13875,214
12516,214
11185,214
15795,214
10711,214
13266,214
15324,214
5907 ,214
16943,214
1345 ,214
16526,214
15941,214
1026 ,214
2694 ,214
229  ,214
9107 ,214
10518,214
10928,214
7668 ,214
15049,214
945  ,214
7144 ,214
15727,214
11368,214
9375 ,214
1021 ,214
4764 ,214
5056 ,214
2912 ,214
10197,214
14794,214
4693 ,214
12245,214
5821 ,214
13793,214
1333 ,214
4663 ,214
7011 ,214
4229 ,214
12344,214
7278 ,214
12986,214
3701 ,214
10411,214
11257,214
519  ,214
10703,214
16591,214
12678,214
1359 ,214
5823 ,214
6454 ,214
16576,214
2039 ,214
8515 ,214
8416 ,214
10158,214
10029,214
12521,214
12227,214
1494 ,214
8354 ,214
3446 ,214
1770 ,214
9761 ,214
13198,214
4309 ,214
11740,214
16795,214
9667 ,214
1945 ,214
1922 ,214
4736 ,214
15542,214
4157 ,214
8502 ,214
9476 ,214
6182 ,214
17296,214
13163,214
17041,214
14350,214
10836,214
15634,214
17312,214
1529 ,214
10829,214
3140 ,214
7192 ,214
2068 ,214
10016,214
12674,214
15808,214
15191,214
5384 ,214
6178 ,214
3036 ,214
4385 ,214
2357 ,214
7792 ,214
7140 ,214
1291 ,214
12642,214
10948,214
16428,214
11516,214
14981,214
2207 ,214
3605 ,214
9901 ,214
1742 ,214
6723 ,214
8574 ,214
6950 ,214
10198,214
17226,214
8447 ,214
3394 ,214
4475 ,214
15649,214
11802,214
16601,214
379  ,214
12079,214
14748,214
3222 ,214
6274 ,214
14914,214
9261 ,214
8173 ,214
7964 ,214
16368,214
15015,214
15012,214
4981 ,214
521  ,214
10895,214
7260 ,214
3202 ,214
14660,214
15450,214
3243 ,214
15148,214
6724 ,214
8404 ,214
1246 ,214
7281 ,214
10602,214
1912 ,214
13652,214
6540 ,214
9114 ,214
2520 ,214
10456,214
862  ,214
5038 ,214
7379 ,214
13304,214
12961,214
2322 ,214
11664,214
8613 ,214
5169 ,214
3390 ,214
14059,214
5645 ,214
12284,214
4360 ,214
1421 ,214
6513 ,214
3038 ,214
234  ,214
1634 ,214
3648 ,214
2656 ,214
1394 ,214
12065,214
4893 ,214
14403,214
12016,214
10284,214
1805 ,214
7341 ,214
880  ,214
10520,214
16622,214
14106,214
13742,214
2799 ,214
16954,214
15222,214
11723,214
6546 ,214
14464,214
5150 ,214
9412 ,214
13499,214
11776,214
9163 ,214
9001 ,214
181  ,214
2285 ,214
12204,214
11944,214
8854 ,214
15846,214
5783 ,214
1686 ,214
9213 ,214
16097,214
10113,214
2239 ,214
3439 ,214
6510 ,214
7995 ,214
269  ,214
7646 ,214
15445,214
642  ,214
7600 ,214
11048,214
9178 ,214
13902,214
3065 ,214
13101,214
8718 ,214
7615 ,214
6369 ,214
13658,214
16084,214
123  ,214
671  ,214
7587 ,214
9803 ,214
555  ,214
14906,214
5113 ,214
11490,214
4473 ,214
9393 ,214
10963,214
12914,214
4363 ,214
4439 ,214
7536 ,214
8052 ,214
6423 ,214
11713,214
6647 ,214
13540,214
15929,214
5583 ,214
1495 ,214
14206,214
4128 ,214
3503 ,214
15811,214
8367 ,214
6014 ,214
444  ,214
14901,214
14665,214
2450 ,214
14614,214
6938 ,214
12228,214
13522,214
13616,214
5111 ,214
3158 ,214
1160 ,214
10447,214
2147 ,214
11305,214
392  ,214
17131,214
9102 ,214
10771,214
8885 ,214
2166 ,214
11226,214
9563 ,214
9909 ,214
16123,214
9933 ,214
16703,214
4256 ,214
1640 ,214
13699,214
10337,214
16529,214
14337,214
214  ,214
16285,214
3455 ,214
12830,214
16624,214
11980,214
579  ,214
58   ,214
9043 ,214
3593 ,214
1807 ,214
15640,214
10452,214
14842,214
16328,214
12211,214
10200,214
307  ,214
1290 ,214
10843,214
15182,214
2297 ,214
9074 ,214
12124,214
11796,214
11397,214
6556 ,214
2437 ,214
540  ,214
10710,214
14190,214
10916,214
1323 ,214
14357,214
6226 ,214
10216,214
16671,214
9515 ,214
6320 ,214
3250 ,214
16287,214
15404,214
1796 ,214
9926 ,214
8599 ,214
5137 ,214
2691 ,214
16510,214
16763,214
15001,214
15878,214
13008,214
9852 ,214
9422 ,214
11699,214
2442 ,214
5374 ,214
12489,214
6619 ,214
4131 ,214
11875,214
6519 ,214
15536,214
13856,214
13508,214
16793,214
14754,214
15745,214
1535 ,214
12613,214
13305,214
14612,214
17298,214
1700 ,214
11137,214
11046,214
190  ,214
11961,214
7033 ,214
3138 ,214
7200 ,214
6201 ,214
13934,214
16380,214
4387 ,214
14170,214
9655 ,214
9873 ,214
77   ,214
4001 ,214
14454,214
10802,214
7027 ,214
10565,214
9992 ,214
7521 ,214
11325,214
7084 ,214
9184 ,214
14447,214
1879 ,214
2829 ,214
3458 ,214
12652,214
14542,214
2094 ,214
4509 ,214
10395,214
9722 ,214
5457 ,214
8365 ,214
4125 ,214
13478,214
2417 ,214
10434,214
13204,214
7271 ,214
4958 ,214
4301 ,214
16387,214
11196,214
9157 ,214
7595 ,214
2284 ,214
2558 ,214
441  ,214
14988,214
2939 ,214
12752,214
14419,214
10244,214
2002 ,214
12142,214
10897,214
4504 ,214
10560,214
12916,214
17142,214
7571 ,214
11513,214
5379 ,214
16654,214
12769,214
13973,214
7979 ,214
8000 ,214
7769 ,214
1464 ,214
8150 ,214
11206,214
11149,214
3619 ,214
12940,214
2406 ,214
16384,214
711  ,214
2325 ,214
13638,214
8268 ,214
13162,214
7376 ,214
5838 ,214
11798,214
175  ,214
169  ,214
10496,214
4583 ,214
6146 ,214
15422,214
15304,214
11107,214
16348,214
16751,214
5335 ,214
9198 ,214
13193,214
8229 ,214
455  ,214
8553 ,214
15812,214
4398 ,214
9572 ,214
1515 ,214
2813 ,214
12887,214
13908,214
505  ,214
9557 ,214
11673,214
13913,214
8808 ,214
16621,214
15045,214
13393,214
12403,214
4069 ,214
3554 ,214
933  ,214
9915 ,214
7873 ,214
13720,214
10439,214
16493,214
1050 ,214
9024 ,214
5571 ,214
2177 ,214
3626 ,214
2842 ,214
6862 ,214
7026 ,214
5564 ,214
5369 ,214
17128,214
6414 ,214
1124 ,214
7598 ,214
16176,214
11443,214
349  ,214
5792 ,214
14943,214
4059 ,214
7448 ,214
14162,214
2576 ,214
15931,214
5024 ,214
12112,214
11250,214
10109,214
12072,214
9306 ,214
14798,214
16237,214
4055 ,214
17346,214
2512 ,214
16330,214
16031,214
11116,214
6316 ,214
4864 ,214
12042,214
4365 ,214
3766 ,214
11433,214
3092 ,214
15199,214
259  ,214
12931,214
3183 ,214
14213,214
11290,214
7151 ,214
14068,214
8395 ,214
14829,214
3298 ,214
4353 ,214
16172,214
8362 ,214
6788 ,214
509  ,214
3948 ,214
3892 ,214
15864,214
9861 ,214
7805 ,214
15299,214
10401,214
12332,214
11197,214
6128 ,214
13639,214
9673 ,214
9987 ,214
15087,214
1665 ,214
17355,214
11572,214
676  ,214
17364,214
1404 ,214
5605 ,214
2643 ,214
17073,214
3916 ,214
3910 ,214
11951,214
5815 ,214
10946,214
11280,214
128  ,214
15653,214
13334,214
17300,214
1424 ,214
7554 ,214
5850 ,214
1314 ,214
6733 ,214
11775,214
16565,214
16931,214
5221 ,214
2793 ,214
10954,214
8464 ,214
3555 ,214
5282 ,214
12012,214
11928,214
7750 ,214
16676,214
3217 ,214
14144,214
15569,214
9136 ,214
14266,214
8546 ,214
6134 ,214
8428 ,214
6093 ,214
4825 ,214
15522,214
9639 ,214
13034,214
2057 ,214
10553,214
669  ,214
8324 ,214
12665,214
5497 ,214
9609 ,214
11785,214
15210,214
9532 ,214
8285 ,214
2895 ,214
10248,214
844  ,214
5854 ,214
12187,214
10997,214
1120 ,214
15960,214
2743 ,214
15589,214
8024 ,214
7654 ,214
16492,214
3165 ,214
13777,214
9601 ,214
4912 ,214
9120 ,214
11234,214
13778,214
11318,214
12710,214
13632,214
541  ,214
14414,214
6260 ,214
845  ,214
11992,214
5329 ,214
2405 ,214
7431 ,214
2309 ,214
11479,214
2677 ,214
10145,214
5    ,214
856  ,214
11159,214
6123 ,214
2376 ,214
8339 ,214
12552,214
5279 ,214
1889 ,214
13291,214
13893,214
318  ,214
13279,214
11338,214
17046,214
7535 ,214
12958,214
4038 ,214
11555,214
5040 ,214
7558 ,214
16020,214
5392 ,214
7283 ,214
6991 ,214
8585 ,214
4525 ,214
10033,214
10304,214
6780 ,214
12048,214
13995,214
10375,214
17222,214
11953,214
8873 ,214
6873 ,214
16248,214
3024 ,214
4494 ,214
5655 ,214
1266 ,214
1702 ,214
8085 ,214
3253 ,214
7846 ,214
10580,214
14436,214
8317 ,214
3432 ,214
8810 ,214
12193,214
10357,214
7850 ,214
8373 ,214
16828,214
9250 ,214
454  ,214
11408,214
1875 ,214
255  ,214
953  ,214
9200 ,214
10987,214
9442 ,214
552  ,214
4608 ,214
2535 ,214
9630 ,214
13535,214
57   ,214
11960,214
8472 ,214
4333 ,214
7228 ,214
6064 ,214
1647 ,214
11741,214
210  ,214
13214,214
2368 ,214
2112 ,214
439  ,214
14169,214
2281 ,214
9391 ,214
17024,214
817  ,214
6879 ,214
1855 ,214
5017 ,214
6403 ,214
8506 ,214
11548,214
11809,214
9330 ,214
12844,214
9830 ,214
4617 ,214
10919,214
16373,214
6303 ,214
10103,214
10780,214
9753 ,214
13289,214
115  ,214
13240,214
12535,214
5323 ,214
8985 ,214
7279 ,214
4885 ,214
2713 ,214
15452,214
2217 ,214
16229,214
17365,214
8007 ,214
11326,214
878  ,214
12899,214
15384,214
13752,214
15513,214
15893,214
16455,214
15818,214
9636 ,214
5722 ,214
4014 ,214
7560 ,214
5682 ,214
16435,214
11061,214
13545,214
5997 ,214
2856 ,214
9386 ,214
2237 ,214
10311,214
15571,214
5270 ,214
13628,214
8059 ,214
10798,214
12141,214
16475,214
11854,214
16385,214
5515 ,214
15377,214
6977 ,214
9679 ,214
9328 ,214
10923,214
15104,214
1352 ,214
9321 ,214
1392 ,214
7541 ,214
11847,214
11470,214
16928,214
8446 ,214
5544 ,214
3002 ,214
5443 ,214
11790,214
1508 ,214
11420,214
3741 ,214
6871 ,214
4989 ,214
14271,214
5643 ,214
14217,214
6103 ,214
761  ,214
16804,214
12215,214
4135 ,214
8303 ,214
6432 ,214
13912,214
681  ,214
6921 ,214
3317 ,214
12494,214
12766,214
4242 ,214
5893 ,214
16688,214
15564,214
11806,214
15448,214
11554,214
3293 ,214
12775,214
2298 ,214
8144 ,214
932  ,214
8214 ,214
1197 ,214
7641 ,214
3533 ,214
5394 ,214
8050 ,214
5974 ,214
11483,214
7424 ,214
5521 ,214
11385,214
7209 ,214
17255,214
12230,214
10253,214
2716 ,214
1236 ,214
9984 ,214
15257,214
15772,214
15245,214
13696,214
2812 ,214
16064,214
15303,214
9772 ,214
4661 ,214
14771,214
2597 ,214
13149,214
32   ,214
384  ,214
16723,214
251  ,214
7810 ,214
10458,214
13661,214
8296 ,214
7158 ,214
15202,214
3718 ,214
811  ,214
6663 ,214
1242 ,214
9082 ,214
3821 ,214
7055 ,214
15493,214
6294 ,214
11689,214
2205 ,214
8668 ,214
8252 ,214
12398,214
10211,214
14475,214
4977 ,214
12087,214
1704 ,214
8705 ,214
9637 ,214
6739 ,214
1436 ,214
3082 ,214
11031,214
12139,214
10781,214
12881,214
8002 ,214
4588 ,214
10364,214
1232 ,214
8733 ,214
7904 ,214
8345 ,214
4213 ,214
2620 ,214
7359 ,214
2328 ,214
5209 ,214
16033,214
2750 ,214
17214,214
9064 ,214
1459 ,214
6112 ,214
9872 ,214
5435 ,214
17285,214
12440,214
4974 ,214
13876,214
15509,214
8401 ,214
3757 ,214
4527 ,214
3513 ,214
12280,214
7746 ,214
10288,214
1343 ,214
7584 ,214
7788 ,214
1659 ,214
820  ,214
340  ,214
4522 ,214
2088 ,214
3717 ,214
2827 ,214
3897 ,214
4599 ,214
3497 ,214
4543 ,214
1731 ,214
11493,214
6642 ,214
13329,214
5181 ,214
2836 ,214
10702,214
13076,214
688  ,214
9650 ,214
11422,214
53   ,214
10011,214
4957 ,214
1719 ,214
6493 ,214
6544 ,214
15758,214
11400,214
4530 ,214
3793 ,214
12684,214
10166,214
11341,214
5214 ,214
320  ,214
9220 ,214
14290,214
7823 ,214
11111,214
13079,214
15289,214
14122,214
6026 ,214
11603,214
3585 ,214
7798 ,214
1192 ,214
5649 ,214
14689,214
5780 ,214
10868,214
6257 ,214
12123,214
2020 ,214
1707 ,214
3079 ,214
8946 ,214
2168 ,214
8091 ,214
313  ,214
11474,214
3285 ,214
7711 ,214
5920 ,214
10554,214
7599 ,214
8714 ,214
4651 ,214
13712,214
13726,214
9698 ,214
4625 ,214
17036,214
8080 ,214
1761 ,214
12886,214
13689,214
14237,214
17084,214
8467 ,214
16542,214
6944 ,214
2763 ,214
4548 ,214
8749 ,214
12070,214
5888 ,214
13986,214
612  ,214
16381,214
11599,214
7482 ,214
3933 ,214
7367 ,214
9734 ,214
3085 ,214
1418 ,214
2587 ,214
3319 ,214
16769,214
16004,214
10733,214
3315 ,214
12868,214
10790,214
8307 ,214
13620,214
10239,214
11042,214
827  ,214
16604,214
13451,214
5112 ,214
13446,214
9191 ,214
727  ,214
4678 ,214
12385,214
452  ,214
6765 ,214
2599 ,214
11535,214
5475 ,214
7783 ,214
15824,214
9973 ,214
14415,214
1629 ,214
2947 ,214
4188 ,214
12540,214
16414,214
13307,214
3367 ,214
15760,214
421  ,214
17256,214
14433,214
8754 ,214
11529,214
15251,214
8611 ,214
884  ,214
14975,214
2543 ,214
16105,214
13170,214
15449,214
13597,214
16858,214
13851,214
7813 ,214
14961,214
15631,214
11999,214
601  ,214
7264 ,214
13773,214
1963 ,214
5744 ,214
10369,214
16451,214
1517 ,214
8683 ,214
3402 ,214
4323 ,214
2439 ,214
2047 ,214
13140,214
11103,214
16936,214
6665 ,214
11225,214
7568 ,214
11655,214
13303,214
6356 ,214
8295 ,214
9958 ,214
10329,214
16806,214
5145 ,214
9618 ,214
6491 ,214
15993,214
10636,214
564  ,214
4966 ,214
10936,214
2042 ,214
10621,214
2137 ,214
5215 ,214
9075 ,214
16927,214
14019,214
729  ,214
2971 ,214
12906,214
2526 ,214
7579 ,214
648  ,214
74   ,214
13996,214
7044 ,214
4187 ,214
1113 ,214
3875 ,214
14138,214
8848 ,214
11314,214
10734,214
12893,214
10126,214
14435,214
8039 ,214
446  ,214
9208 ,214
14172,214
4382 ,214
836  ,214
5366 ,214
10630,214
6521 ,214
9239 ,214
7932 ,214
13260,214
1174 ,214
14140,214
15914,214
13590,214
442  ,214
5481 ,214
11450,214
6486 ,214
7468 ,214
2513 ,214
1325 ,214
17047,214
8076 ,214
8766 ,214
12920,214
11733,214
9615 ,214
8604 ,214
12463,214
7619 ,214
5617 ,214
3353 ,214
13579,214
2676 ,214
2427 ,214
2122 ,214
15336,214
6514 ,214
4538 ,214
7966 ,214
17220,214
4140 ,214
2041 ,214
8667 ,214
13715,214
4802 ,214
6243 ,214
12038,214
11531,214
5961 ,214
12626,214
457  ,214
407  ,214
8499 ,214
9319 ,214
9757 ,214
8178 ,214
8154 ,214
17116,214
9514 ,214
11901,214
1340 ,214
10983,214
2660 ,214
16228,214
9656 ,214
14917,214
6641 ,214
12255,214
13821,214
12644,214
7954 ,214
16271,214
5664 ,214
7661 ,214
1862 ,214
3693 ,214
7293 ,214
8578 ,214
476  ,214
11065,214
5778 ,214
741  ,214
2456 ,214
7986 ,214
2255 ,214
14927,214
14892,214
14497,214
5619 ,214
9905 ,214
9918 ,214
16412,214
14281,214
45   ,214
4427 ,214
1045 ,214
11638,214
9623 ,214
6952 ,214
3660 ,214
8145 ,214
15775,214
2149 ,214
11604,214
15501,214
6268 ,214
8747 ,214
13197,214
7294 ,214
7583 ,214
13602,214
5405 ,214
2902 ,214
16803,214
1371 ,214
1089 ,214
13487,214
17351,214
9059 ,214
16942,214
1095 ,214
12021,214
14270,214
12658,214
2808 ,214
179  ,214
8224 ,214
15183,214
8407 ,214
4259 ,214
10506,214
673  ,214
6119 ,214
12244,214
15466,214
7957 ,214
4486 ,214
2508 ,214
15347,214
15614,214
10837,214
5243 ,214
7049 ,214
16583,214
551  ,214
8450 ,214
15410,214
960  ,214
5494 ,214
15726,214
9709 ,214
12635,214
5910 ,214
674  ,214
2699 ,214
14455,214
13411,214
1275 ,214
4171 ,214
4388 ,214
12829,214
16738,214
926  ,214
11167,214
718  ,214
4913 ,214
15961,214
14487,214
12133,214
8369 ,214
2876 ,214
5190 ,214
8190 ,214
10994,214
4099 ,214
14000,214
14817,214
6688 ,214
1027 ,214
1557 ,214
12049,214
17320,214
14603,214
16202,214
9192 ,214
14325,214
9368 ,214
9542 ,214
11536,214
8735 ,214
2789 ,214
16821,214
16758,214
16255,214
16184,214
7779 ,214
2755 ,214
4161 ,214
4294 ,214
3094 ,214
8060 ,214
998  ,214
9446 ,214
3702 ,214
15489,214
17279,214
11715,214
5255 ,214
17175,214
13932,214
16102,214
6436 ,214
15035,214
4565 ,214
16911,214
4271 ,214
6098 ,214
10753,214
13094,214
9265 ,214
9979 ,214
10840,214
12742,214
4361 ,214
1671 ,214
14852,214
2559 ,214
14645,214
3184 ,214
13461,214
17319,214
5845 ,214
11539,214
11322,214
10527,214
5483 ,214
16079,214
1126 ,214
684  ,214
16439,214
153  ,214
2000 ,214
16635,214
11298,214
14063,214
7614 ,214
16680,214
13498,214
6345 ,214
3611 ,214
6132 ,214
13532,214
10453,214
17306,214
11721,214
15935,214
14153,214
9141 ,214
11034,214
113  ,214
16398,214
5560 ,214
9951 ,214
8958 ,214
1825 ,214
14504,214
15348,214
11244,214
5430 ,214
6266 ,214
11725,214
3019 ,214
15488,214
12717,214
114  ,214
3867 ,214
14562,214
16077,214
1654 ,214
11702,214
2897 ,214
2973 ,214
14544,214
5777 ,214
11903,214
10502,214
9425 ,214
635  ,214
14750,214
4319 ,214
15167,214
104  ,214
8344 ,214
2996 ,214
4449 ,214
4550 ,214
2449 ,214
12590,214
4185 ,214
2506 ,214
2865 ,214
9649 ,214
14008,214
5996 ,214
8193 ,214
16922,214
13258,214
1225 ,214
12860,214
15944,214
2762 ,214
13298,214
12620,214
10124,214
11672,214
7174 ,214
12444,214
10194,214
12195,214
12957,214
7113 ,214
5875 ,214
9479 ,214
8300 ,214
1213 ,214
10085,214
10326,214
17249,214
10681,214
3252 ,214
14052,214
3507 ,214
16666,214
12736,214
6716 ,214
7421 ,214
5871 ,214
13225,214
14036,214
12532,214
10685,214
10269,214
10668,214
739  ,214
16321,214
7866 ,214
8234 ,214
10820,214
8800 ,214
8579 ,214
13392,214
12863,214
15022,214
3568 ,214
13234,214
5104 ,214
4196 ,214
371  ,214
16707,214
13213,214
1972 ,214
4138 ,214
5650 ,214
3929 ,214
5899 ,214
1302 ,214
11374,214
7716 ,214
4712 ,214
6338 ,214
9161 ,214
12249,214
10957,214
13940,214
2260 ,214
306  ,214
5386 ,214
10542,214
12242,214
16391,214
7856 ,214
5861 ,214
14929,214
2292 ,214
2373 ,214
8615 ,214
4369 ,214
2830 ,214
1919 ,214
1358 ,214
5347 ,214
2388 ,214
4019 ,214
1861 ,214
4594 ,214
13114,214
11431,214
7289 ,214
6778 ,214
9438 ,214
2271 ,214
16447,214
16223,214
10700,214
3339 ,214
12522,214
16425,214
8258 ,214
15593,214
11299,214
17127,214
2279 ,214
3830 ,214
10934,214
1865 ,214
4079 ,214
78   ,214
16617,214
10523,214
6779 ,214
15662,214
2059 ,214
13112,214
8508 ,214
8017 ,214
14594,214
16067,214
1010 ,214
16029,214
301  ,214
5460 ,214
15629,214
7772 ,214
14469,214
14602,214
3179 ,214
830  ,214
1453 ,214
17003,214
6840 ,214
16149,214
5278 ,214
12510,214
16195,214
7386 ,214
7844 ,214
15828,214
10984,214
16679,214
15628,214
9854 ,214
10291,214
12619,214
10370,214
11032,214
15213,214
2030 ,214
736  ,214
5542 ,214
11674,214
17195,214
15179,214
3931 ,214
9428 ,214
13723,214
11394,214
9207 ,214
3103 ,214
459  ,214
215  ,214
12729,214
7512 ,214
15312,214
2933 ,214
3129 ,214
3880 ,214
270  ,214
14812,214
11705,214
6285 ,214
11475,214
6948 ,214
10093,214
4233 ,214
11636,214
1339 ,214
14404,214
8175 ,214
15240,214
2438 ,214
15552,214
2819 ,214
9482 ,214
9124 ,214
15810,214
3858 ,214
6174 ,214
2775 ,214
5537 ,214
14045,214
11006,214
3287 ,214
12302,214
5572 ,214
4727 ,214
13174,214
7761 ,214
3580 ,214
8970 ,214
7332 ,214
8654 ,214
10123,214
8148 ,214
10714,214
289  ,214
14251,214
4520 ,214
3141 ,214
323  ,214
5725 ,214
16649,214
13270,214
16644,214
5206 ,214
2589 ,214
10633,214
13388,214
9407 ,214
12995,214
276  ,214
15661,214
12994,214
7576 ,214
5288 ,214
3871 ,214
1674 ,214
14054,214
13998,214
9299 ,214
12497,214
9922 ,214
4396 ,214
11848,214
10627,214
6687 ,214
7835 ,214
8824 ,214
16048,214
7573 ,214
6448 ,214
11663,214
9727 ,214
13536,214
14134,214
2472 ,214
7432 ,214
14417,214
9173 ,214
3144 ,214
4534 ,214
8672 ,214
6531 ,214
5507 ,214
7539 ,214
14656,214
3537 ,214
14092,214
3687 ,214
11141,214
12206,214
17139,214
14764,214
7594 ,214
1598 ,214
16983,214
614  ,214
11622,214
3788 ,214
6207 ,214
7296 ,214
15721,214
11617,214
7655 ,214
7210 ,214
3337 ,214
8814 ,214
1551 ,214
603  ,214
12989,214
3410 ,214
13991,214
8487 ,214
4463 ,214
14886,214
8964 ,214
15181,214
5240 ,214
1331 ,214
9271 ,214
1793 ,214
11714,214
16742,214
6409 ,214
7900 ,214
11019,214
659  ,214
232  ,214
15841,214
13344,214
16107,214
8682 ,214
7548 ,214
3599 ,214
6176 ,214
7688 ,214
12006,214
8412 ,214
8062 ,214
13409,214
2768 ,214
10204,214
5502 ,214
1306 ,214
12724,214
3156 ,214
16433,214
5677 ,214
2867 ,214
3185 ,214
5180 ,214
4794 ,214
4496 ,214
6135 ,214
3900 ,214
12859,214
5681 ,214
8764 ,214
9765 ,214
12637,214
8430 ,214
13087,214
6787 ,214
17360,214
16247,214
14585,214
336  ,214
9241 ,214
10709,214
14413,214
1693 ,214
5724 ,214
1655 ,214
8406 ,214
1389 ,214
9780 ,214
1570 ,214
10376,214
7597 ,214
14985,214
794  ,214
15777,214
9110 ,214
1481 ,214
7477 ,214
3132 ,214
14682,214
17119,214
14389,214
14591,214
13611,214
264  ,214
12326,214
5400 ,214
11256,214
10770,214
9756 ,214
12167,214
5901 ,214
9943 ,214
13550,214
4571 ,214
15761,214
2402 ,214
15431,214
4003 ,214
8176 ,214
13246,214
2370 ,214
13358,214
7172 ,214
5516 ,214
5077 ,214
11821,214
13473,214
913  ,214
9931 ,214
7797 ,214
1270 ,214
378  ,214
13366,214
4904 ,214
10661,214
13021,214
1351 ,214
14462,214
13341,214
9738 ,214
11517,214
5365 ,214
5346 ,214
7841 ,214
588  ,214
8348 ,214
16050,214
1572 ,214
13768,214
7836 ,214
5131 ,214
1328 ,214
8706 ,214
1683 ,214
4465 ,214
11208,214
14025,214
2183 ,214
13835,214
5073 ,214
16347,214
4227 ,214
2708 ,214
10067,214
14911,214
914  ,214
7639 ,214
5608 ,214
13154,214
14298,214
3247 ,214
12632,214
8357 ,214
14705,214
13387,214
20   ,214
668  ,214
6734 ,214
10882,214
12933,214
16603,214
9791 ,214
2844 ,214
6503 ,214
236  ,214
14257,214
871  ,214
12722,214
16208,214
14639,214
5155 ,214
15075,214
12857,214
12814,214
6142 ,214
13410,214
14902,214
9252 ,214
5545 ,214
12388,214
12130,214
15006,214
2785 ,214
2464 ,214
1096 ,214
744  ,214
6573 ,214
95   ,214
10785,214
3650 ,214
1790 ,214
4060 ,214
6034 ,214
6752 ,214
12988,214
14150,214
12762,214
14572,214
8655 ,214
4514 ,214
13719,214
3699 ,214
16254,214
10539,214
4541 ,214
16453,214
8305 ,214
4968 ,214
15550,214
16018,214
10589,214
9153 ,214
12190,214
12743,214
16762,214
8898 ,214
11366,214
1999 ,214
167  ,214
13092,214
7273 ,214
14332,214
14919,214
16249,214
7883 ,214
15415,214
6324 ,214
16159,214
5194 ,214
16841,214
8658 ,214
3794 ,214
12413,214
6919 ,214
14654,214
10842,214
6347 ,214
9473 ,214
3021 ,214
1935 ,214
2208 ,214
15897,214
15267,214
16379,214
7241 ,214
4370 ,214
13812,214
2810 ,214
7839 ,214
13806,214
16809,214
1425 ,214
16180,214
2209 ,214
11227,214
4112 ,214
15216,214
8376 ,214
3345 ,214
8988 ,214
15774,214
3137 ,214
1951 ,214
238  ,214
12942,214
14320,214
12131,214
13189,214
12772,214
7972 ,214
16442,214
12358,214
3614 ,214
11075,214
8518 ,214
8693 ,214
16304,214
7137 ,214
3835 ,214
9202 ,214
16294,214
8569 ,214
3204 ,214
17114,214
500  ,214
9504 ,214
6783 ,214
11983,214
15090,214
11786,214
3011 ,214
9549 ,214
5285 ,214
9537 ,214
12002,214
16609,214
17270,214
15007,214
15688,214
12367,214
15263,214
8321 ,214
11495,214
10722,214
7857 ,214
15103,214
10006,214
14339,214
15370,214
7333 ,214
10893,214
14016,214
5127 ,214
2571 ,214
3375 ,214
5947 ,214
2489 ,214
13718,214
8737 ,214
2067 ,214
5222 ,214
3961 ,214
2821 ,214
7842 ,214
3778 ,214
8337 ,214
1962 ,214
1877 ,214
3815 ,214
7930 ,214
16634,214
14629,214
3859 ,214
2536 ,214
10338,214
11056,214
9172 ,214
8381 ,214
15555,214
14428,214
16781,214
13785,214
10225,214
4638 ,214
3803 ,214
4011 ,214
11178,214
10485,214
2181 ,214
5342 ,214
6340 ,214
6969 ,214
2928 ,214
3505 ,214
7745 ,214
2689 ,214
12615,214
17094,214
3864 ,214
15243,214
12122,214
13211,214
5887 ,214
4411 ,214
6305 ,214
16585,214
4811 ,214
10117,214
6555 ,214
5666 ,214
4437 ,214
1288 ,214
833  ,214
14838,214
16859,214
14175,214
2441 ,214
10864,214
10232,214
4299 ,214
17071,214
9268 ,214
10026,214
3873 ,214
4183 ,214
16514,214
6981 ,214
12451,214
3805 ,214
7871 ,214
14561,214
525  ,214
4739 ,214
7691 ,214
2184 ,214
2737 ,214
4130 ,214
4166 ,214
2540 ,214
278  ,214
2001 ,214
15224,214
7478 ,214
16364,214
13025,214
11769,214
13833,214
6349 ,214
15057,214
10715,214
4170 ,214
2029 ,214
8370 ,214
12948,214
15694,214
1439 ,214
4113 ,214
7262 ,214
8554 ,214
17011,214
14897,214
12307,214
1745 ,214
16125,214
13041,214
7041 ,214
1541 ,214
5151 ,214
10624,214
16065,214
16286,214
4415 ,214
16984,214
13184,214
4545 ,214
10644,214
13959,214
12598,214
12754,214
1313 ,214
5050 ,214
8141 ,214
16843,214
5465 ,214
16898,214
8315 ,214
9056 ,214
6696 ,214
4826 ,214
7827 ,214
54   ,214
3954 ,214
7211 ,214
14532,214
11412,214
15936,214
16423,214
16269,214
5477 ,214
11370,214
9463 ,214
9496 ,214
14078,214
428  ,214
12633,214
5965 ,214
9127 ,214
4814 ,214
491  ,214
9154 ,214
16069,214
4801 ,214
10412,214
538  ,214
16995,214
6032 ,214
8008 ,214
2426 ,214
11201,214
2907 ,214
14493,214
6272 ,214
9259 ,214
14003,214
10521,214
14667,214
8598 ,214
2544 ,214
15899,214
9760 ,214
3468 ,214
10950,214
2613 ,214
4759 ,214
9580 ,214
6706 ,214
1287 ,214
12318,214
9817 ,214
3281 ,214
10017,214
15198,214
14044,214
5319 ,214
4097 ,214
6651 ,214
3768 ,214
6625 ,214
3326 ,214
3336 ,214
10990,214
1662 ,214
12501,214
1305 ,214
6753 ,214
3700 ,214
12937,214
7229 ,214
96   ,214
4489 ,214
14644,214
1143 ,214
1616 ,214
15797,214
3035 ,214
3352 ,214
2111 ,214
1256 ,214
406  ,214
9448 ,214
4062 ,214
4609 ,214
7272 ,214
7013 ,214
6290 ,214
1657 ,214
5784 ,214
1178 ,214
8903 ,214
13953,214
5641 ,214
1880 ,214
8123 ,214
8795 ,214
11077,214
1918 ,214
6488 ,214
16413,214
12467,214
9777 ,214
4293 ,214
9291 ,214
9497 ,214
8936 ,214
3191 ,214
10010,214
6451 ,214
4686 ,214
16717,214
2454 ,214
10339,214
11939,214
16483,214
13135,214
4862 ,214
6671 ,214
5119 ,214
5971 ,214
16882,214
328  ,214
16825,214
7945 ,214
13483,214
12669,214
13233,214
8371 ,214
10259,214
13141,214
16440,214
12180,214
5314 ,214
16605,214
15969,214
1318 ,214
7328 ,214
13549,214
3728 ,214
14112,214
5308 ,214
5831 ,214
7129 ,214
10823,214
7218 ,214
3406 ,214
1273 ,214
16030,214
8636 ,214
8277 ,214
9936 ,214
16151,214
11147,214
15475,214
6874 ,214
7830 ,214
5940 ,214
12936,214
4477 ,214
332  ,214
14136,214
9741 ,214
11948,214
7864 ,214
19   ,214
6784 ,214
11011,214
10707,214
1355 ,214
16494,214
7961 ,214
14084,214
10267,214
6033 ,214
13179,214
418  ,214
10795,214
14315,214
12975,214
12645,214
12483,214
4179 ,214
15792,214
4324 ,214
4395 ,214
15646,214
5297 ,214
3016 ,214
3914 ,214
11010,214
3639 ,214
692  ,214
178  ,214
3820 ,214
408  ,214
6431 ,214
15667,214
5290 ,214
2496 ,214
9490 ,214
2995 ,214
11068,214
5224 ,214
14115,214
1451 ,214
10911,214
11748,214
10201,214
7389 ,214
15619,214
4907 ,214
1240 ,214
12827,214
2048 ,214
11795,214
6218 ,214
3111 ,214
2825 ,214
12733,214
8911 ,214
16005,214
12550,214
11292,214
10761,214
1116 ,214
2131 ,214
7925 ,214
14425,214
6988 ,214
7690 ,214
15325,214
591  ,214
9759 ,214
8847 ,214
9113 ,214
9423 ,214
14155,214
832  ,214
9766 ,214
3334 ,214
2510 ,214
940  ,214
9373 ,214
11306,214
14344,214
8111 ,214
5446 ,214
14792,214
3526 ,214
3055 ,214
2392 ,214
1004 ,214
12971,214
3682 ,214
14524,214
4656 ,214
16047,214
631  ,214
1528 ,214
12026,214
85   ,214
12712,214
10483,214
11200,214
14931,214
4436 ,214
13056,214
14396,214
15549,214
12289,214
16458,214
10102,214
13110,214
12074,214
3856 ,214
7713 ,214
920  ,214
7978 ,214
14053,214
7280 ,214
14710,214
10009,214
2282 ,214
2979 ,214
15467,214
1182 ,214
7753 ,214
13763,214
2981 ,214
9736 ,214
4881 ,214
7981 ,214
15497,214
15972,214
16773,214
10385,214
9129 ,214
10468,214
10152,214
9770 ,214
11772,214
13220,214
8953 ,214
17356,214
5624 ,214
13683,214
1765 ,214
16486,214
14595,214
9254 ,214
3592 ,214
5504 ,214
13957,214
13317,214
6562 ,214
10153,214
3566 ,214
6583 ,214
9278 ,214
2682 ,214
17095,214
14755,214
17377,214
9210 ,214
14362,214
11877,214
14110,214
14043,214
1276 ,214
1130 ,214
14024,214
905  ,214
16902,214
4929 ,214
8292 ,214
12560,214
526  ,214
7907 ,214
7533 ,214
9634 ,214
11589,214
15337,214
11625,214
12614,214
17138,214
13031,214
11592,214
10280,214
14962,214
12928,214
12183,214
12757,214
5235 ,214
221  ,214
4002 ,214
17290,214
7285 ,214
14554,214
15901,214
720  ,214
16887,214
12880,214
1894 ,214
14108,214
3664 ,214
3230 ,214
4340 ,214
5945 ,214
9347 ,214
17261,214
13029,214
4808 ,214
2515 ,214
6657 ,214
431  ,214
283  ,214
513  ,214
11040,214
13770,214
10077,214
14880,214
16217,214
14376,214
10905,214
9855 ,214
7618 ,214
7875 ,214
12217,214
1183 ,214
2528 ,214
9096 ,214
1237 ,214
6979 ,214
10213,214
1164 ,214
1556 ,214
6703 ,214
4593 ,214
5409 ,214
3878 ,214
15196,214
13086,214
15155,214
6538 ,214
1966 ,214
12998,214
4262 ,214
400  ,214
9938 ,214
6478 ,214
15679,214
2877 ,214
4674 ,214
164  ,214
433  ,214
6865 ,214
903  ,214
1727 ,214
5456 ,214
14676,214
3547 ,214
2182 ,214
3386 ,214
14726,214
5739 ,214
9051 ,214
12458,214
16999,214
165  ,214
1799 ,214
6966 ,214
2451 ,214
15709,214
15226,214
13671,214
5690 ,214
16880,214
4431 ,214
6666 ,214
17224,214
15882,214
2371 ,214
12504,214
13326,214
9551 ,214
2837 ,214
951  ,214
3724 ,214
1650 ,214
13323,214
12835,214
10245,214
15038,214
17145,214
14696,214
13827,214
13380,214
7663 ,214
4452 ,214
3373 ,214
15651,214
13823,214
399  ,214
8685 ,214
5688 ,214
1509 ,214
12099,214
1507 ,214
11302,214
2384 ,214
12596,214
4446 ,214
9614 ,214
2062 ,214
14236,214
11014,214
4994 ,214
7409 ,214
13364,214
2866 ,214
6527 ,214
2235 ,214
6038 ,214
13564,214
1510 ,214
157  ,214
16890,214
7880 ,214
4429 ,214
16498,214
3280 ,214
16957,214
16422,214
7345 ,214
7017 ,214
15402,214
6147 ,214
1296 ,214
2348 ,214
952  ,214
9112 ,214
12075,214
14970,214
6001 ,214
7179 ,214
2469 ,214
6149 ,214
2031 ,214
17174,214
713  ,214
4421 ,214
13577,214
3311 ,214
14342,214
7202 ,214
11774,214
13148,214
3282 ,214
9957 ,214
7073 ,214
4878 ,214
5758 ,214
10108,214
11446,214
3333 ,214
5100 ,214
81   ,214
4197 ,214
277  ,214
13438,214
10203,214
3617 ,214
13872,214
14154,214
16746,214
262  ,214
4533 ,214
5895 ,214
2869 ,214
4005 ,214
4045 ,214
5489 ,214
15582,214
2099 ,214
2231 ,214
9381 ,214
391  ,214
16276,214
12378,214
11   ,214
13188,214
752  ,214
7303 ,214
13967,214
12675,214
3265 ,214
9910 ,214
13826,214
10713,214
3976 ,214
7742 ,214
8673 ,214
5075 ,214
8265 ,214
14402,214
4865 ,214
4987 ,214
8608 ,214
15393,214
14341,214
10526,214
11780,214
11340,214
1476 ,214
8001 ,214
17250,214
16342,214
1320 ,214
1490 ,214
14649,214
14130,214
15603,214
1948 ,214
12004,214
6015 ,214
11605,214
12267,214
8333 ,214
13070,214
9049 ,214
17184,214
10429,214
5999 ,214
14865,214
16224,214
4967 ,214
4432 ,214
5406 ,214
9555 ,214
10082,214
1644 ,214
15573,214
11416,214
4563 ,214
865  ,214
1614 ,214
10596,214
5218 ,214
16610,214
13552,214
460  ,214
13084,214
5694 ,214
12826,214
16200,214
4972 ,214
1091 ,214
12793,214
781  ,214
2407 ,214
16823,214
14040,214
16325,214
3949 ,214
5915 ,214
7867 ,214
14824,214
16704,214
14984,214
3545 ,214
7890 ,214
3269 ,214
16096,214
15985,214
11221,214
2473 ,214
6066 ,214
1151 ,214
602  ,214
8622 ,214
4425 ,214
13920,214
16735,214
2771 ,214
7324 ,214
7511 ,214
12954,214
15381,214
7306 ,214
2815 ,214
15080,214
13930,214
3292 ,214
4068 ,214
16315,214
11093,214
7190 ,214
2879 ,214
3643 ,214
4620 ,214
1931 ,214
9199 ,214
6008 ,214
17088,214
3294 ,214
7358 ,214
10810,214
5070 ,214
9488 ,214
9775 ,214
15691,214
6107 ,214
788  ,214
17146,214
593  ,214
2076 ,214
4046 ,214
4276 ,214
12662,214
14082,214
16619,214
15178,214
1483 ,214
405  ,214
2954 ,214
6689 ,214
7201 ,214
9419 ,214
158  ,214
16242,214
6475 ,214
5355 ,214
16104,214
13274,214
8818 ,214
10184,214
2193 ,214
7401 ,214
11401,214
17164,214
10501,214
14149,214
6333 ,214
6284 ,214
3795 ,214
7163 ,214
5341 ,214
15532,214
3349 ,214
6054 ,214
11461,214
17349,214
10156,214
8907 ,214
850  ,214
3854 ,214
5337 ,214
12159,214
13181,214
8169 ,214
7347 ,214
6043 ,214
14986,214
7476 ,214
12908,214
2462 ,214
16802,214
12409,214
13369,214
4648 ,214
2160 ,214
14909,214
2387 ,214
15759,214
12273,214
15594,214
11963,214
8986 ,214
4180 ,214
16240,214
7575 ,214
3178 ,214
35   ,214
13600,214
9222 ,214
16994,214
16819,214
8731 ,214
682  ,214
7291 ,214
1426 ,214
16043,214
10952,214
7791 ,214
14586,214
15157,214
17234,214
8782 ,214
9695 ,214
7118 ,214
11878,214
8877 ,214
10967,214
15190,214
16540,214
4407 ,214
13651,214
12503,214
805  ,214
12481,214
7428 ,214
2709 ,214
10163,214
7947 ,214
15735,214
3577 ,214
2962 ,214
6982 ,214
3004 ,214
15490,214
7917 ,214
9354 ,214
8474 ,214
7897 ,214
7709 ,214
11652,214
15887,214
15329,214
12374,214
10046,214
5146 ,214
12155,214
17069,214
3296 ,214
5362 ,214
10341,214
17002,214
9449 ,214
13248,214
4838 ,214
6239 ,214
2066 ,214
10402,214
5727 ,214
8745 ,214
9896 ,214
6004 ,214
12096,214
2712 ,214
6973 ,214
4139 ,214
9519 ,214
16445,214
15098,214
851  ,214
6864 ,214
8466 ,214
15298,214
5261 ,214
14137,214
16419,214
11514,214
6798 ,214
5021 ,214
11533,214
1706 ,214
17052,214
10594,214
7840 ,214
10663,214
9859 ,214
6968 ,214
1384 ,214
10873,214
11642,214
14805,214
16274,214
5891 ,214
15193,214
15481,214
14294,214
10749,214
3690 ,214
15407,214
5257 ,214
16772,214
14613,214
10099,214
3779 ,214
4455 ,214
16567,214
17375,214
1941 ,214
7869 ,214
12390,214
1890 ,214
12558,214
6915 ,214
6648 ,214
10508,214
10600,214
493  ,214
608  ,214
11595,214
858  ,214
14993,214
4334 ,214
13977,214
11215,214
17155,214
6191 ,214
2636 ,214
7277 ,214
13948,214
6835 ,214
14360,214
12478,214
4920 ,214
15975,214
233  ,214
6336 ,214
8363 ,214
530  ,214
1380 ,214
2814 ,214
9229 ,214
16431,214
10583,214
15622,214
9966 ,214
7381 ,214
14729,214
9337 ,214
11384,214
5381 ,214
14355,214
2400 ,214
14426,214
7366 ,214
14313,214
3045 ,214
4506 ,214
6484 ,214
5820 ,214
7676 ,214
2095 ,214
9620 ,214
6900 ,214
15538,214
9552 ,214
14870,214
937  ,214
348  ,214
7705 ,214
10431,214
17316,214
13708,214
5735 ,214
3983 ,214
11817,214
6744 ,214
8478 ,214
12651,214
3378 ,214
6077 ,214
11899,214
2106 ,214
3108 ,214
8966 ,214
13268,214
15203,214
12283,214
8255 ,214
5912 ,214
13399,214
1410 ,214
10607,214
13000,214
5178 ,214
9180 ,214
9189 ,214
1155 ,214
4493 ,214
2843 ,214
12591,214
726  ,214
1100 ,214
4628 ,214
9245 ,214
11388,214
14843,214
6435 ,214
13612,214
7109 ,214
9844 ,214
8982 ,214
4767 ,214
13640,214
2724 ,214
11473,214
5720 ,214
4495 ,214
17216,214
13955,214
15583,214
10549,214
9794 ,214
72   ,214
16058,214
15238,214
5703 ,214
4905 ,214
13960,214
15663,214
11835,214
8954 ,214
773  ,214
14898,214
6399 ,214
3977 ,214
13389,214
1611 ,214
6269 ,214
15009,214
16022,214
7346 ,214
5010 ,214
13235,214
16086,214
10977,214
10378,214
5862 ,214
3356 ,214
1813 ,214
14437,214
9808 ,214
9209 ,214
10741,214
2404 ,214
1360 ,214
3581 ,214
1871 ,214
13120,214
6155 ,214
14565,214
7232 ,214
770  ,214
14305,214
12967,214
5408 ,214
10606,214
14850,214
1110 ,214
4926 ,214
9316 ,214
15010,214
12319,214
8915 ,214
6035 ,214
12862,214
171  ,214
13215,214
15789,214
531  ,214
6430 ,214
6888 ,214
15675,214
13158,214
11620,214
11632,214
8334 ,214
10128,214
17267,214
8785 ,214
15974,214
253  ,214
2764 ,214
10176,214
2626 ,214
16206,214
14721,214
15923,214
3360 ,214
14374,214
14728,214
13472,214
10605,214
17158,214
2880 ,214
485  ,214
2607 ,214
9464 ,214
15113,214
12963,214
8616 ,214
6200 ,214
3151 ,214
3586 ,214
12484,214
5276 ,214
10310,214
12328,214
15170,214
3462 ,214
10196,214
1462 ,214
4374 ,214
10570,214
13559,214
1300 ,214
14827,214
3882 ,214
15617,214
9788 ,214
4126 ,214
6162 ,214
9543 ,214
2859 ,214
7316 ,214
14080,214
13510,214
7182 ,214
15807,214
4933 ,214
4729 ,214
2577 ,214
3354 ,214
12858,214
14593,214
15062,214
4870 ,214
4022 ,214
5165 ,214
3309 ,214
8435 ,214
5441 ,214
2144 ,214
14611,214
14037,214
9481 ,214
6539 ,214
10974,214
15345,214
15748,214
9628 ,214
13004,214
3007 ,214
13404,214
4772 ,214
10254,214
11852,214
9190 ,214
132  ,214
7360 ,214
8596 ,214
16374,214
4724 ,214
1711 ,214
687  ,214
14825,214
630  ,214
11261,214
12861,214
8996 ,214
13772,214
2991 ,214
10750,214
15483,214
1335 ,214
14349,214
5785 ,214
5680 ,214
10092,214
3320 ,214
9556 ,214
6407 ,214
7513 ,214
12498,214
5343 ,214
17053,214
8336 ,214
7311 ,214
12976,214
13313,214
16838,214
11207,214
13873,214
13622,214
4430 ,214
13045,214
8130 ,214
10691,214
5800 ,214
3853 ,214
984  ,214
10270,214
15741,214
5539 ,214
722  ,214
15802,214
1814 ,214
9996 ,214
14484,214
13589,214
16895,214
11239,214
16918,214
16251,214
16832,214
1980 ,214
7695 ,214
11418,214
7181 ,214
11285,214
6252 ,214
9971 ,214
3872 ,214
8442 ,214
5259 ,214
9888 ,214
13032,214
3524 ,214
381  ,214
470  ,214
11091,214
2022 ,214
1549 ,214
8663 ,214
5714 ,214
16842,214
8837 ,214
5427 ,214
7069 ,214
1169 ,214
15048,214
1597 ,214
38   ,214
7505 ,214
1768 ,214
12235,214
17149,214
12274,214
2701 ,214
7141 ,214
1367 ,214
5709 ,214
11440,214
9078 ,214
16160,214
3109 ,214
1048 ,214
1762 ,214
14719,214
15294,214
10466,214
16432,214
16988,214
5353 ,214
14476,214
9763 ,214
746  ,214
17182,214
9749 ,214
11820,214
1024 ,214
8233 ,214
15660,214
8641 ,214
8301 ,214
16119,214
4472 ,214
15720,214
11142,214
16080,214
5669 ,214
14441,214
14195,214
9699 ,214
15372,214
11654,214
16390,214
7530 ,214
13346,214
2210 ,214
10079,214
14636,214
8980 ,214
8140 ,214
6145 ,214
12310,214
14983,214
14135,214
13378,214
10812,214
14854,214
11194,214
7419 ,214
12387,214
15417,214
13139,214
8196 ,214
8156 ,214
7380 ,214
17247,214
5656 ,214
339  ,214
4245 ,214
3041 ,214
9492 ,214
1156 ,214
15553,214
11277,214
1958 ,214
2455 ,214
6412 ,214
10982,214
1188 ,214
3214 ,214
2573 ,214
15321,214
13207,214
1119 ,214
2158 ,214
11270,214
8340 ,214
5937 ,214
11515,214
1068 ,214
16497,214
9880 ,214
6846 ,214
472  ,214
1546 ,214
15672,214
10164,214
7148 ,214
2554 ,214
838  ,214
5488 ,214
11307,214
12238,214
15992,214
15392,214
9912 ,214
10494,214
7910 ,214
15344,214
16532,214
3522 ,214
6997 ,214
11333,214
16964,214
1833 ,214
4479 ,214
5015 ,214
15394,214
14873,214
6088 ,214
13997,214
272  ,214
7493 ,214
6341 ,214
1129 ,214
10367,214
7748 ,214
14690,214
4292 ,214
16586,214
9242 ,214
2267 ,214
5954 ,214
2480 ,214
15033,214
1514 ,214
7771 ,214
17056,214
15034,214
13978,214
4285 ,214
7630 ,214
955  ,214
9089 ,214
7466 ,214
12643,214
1262 ,214
11680,214
7123 ,214
14570,214
2662 ,214
16449,214
5796 ,214
11163,214
16232,214
3907 ,214
16169,214
16813,214
6464 ,214
2245 ,214
8006 ,214
6711 ,214
9366 ,214
12655,214
13889,214
15739,214
12010,214
6816 ,214
7896 ,214
6231 ,214
892  ,214
7061 ,214
16284,214
11909,214
3962 ,214
14707,214
16333,214
12947,214
14809,214
9954 ,214
11036,214
5423 ,214
3852 ,214
1856 ,214
9536 ,214
16871,214
10972,214
4082 ,214
6298 ,214
9815 ,214
10344,214
9502 ,214
16885,214
11865,214
11477,214
1933 ,214
16980,214
2304 ,214
842  ,214
12054,214
14202,214
12982,214
3341 ,214
17332,214
821  ,214
16945,214
5161 ,214
16626,214
12553,214
8793 ,214
9641 ,214
5768 ,214
6314 ,214
4124 ,214
565  ,214
8241 ,214
1921 ,214
15749,214
8082 ,214
3476 ,214
13614,214
17080,214
554  ,214
13672,214
12828,214
4774 ,214
1500 ,214
15942,214
1524 ,214
3460 ,214
6247 ,214
3514 ,214
11053,214
1168 ,214
5087 ,214
10463,214
8557 ,214
252  ,214
7727 ,214
10945,214
11281,214
13502,214
5848 ,214
2649 ,214
1477 ,214
5517 ,214
13474,214
13871,214
2661 ,214
13495,214
12179,214
5450 ,214
11335,214
2386 ,214
8199 ,214
1083 ,214
15357,214
11360,214
5698 ,214
6139 ,214
11427,214
12690,214
9625 ,214
927  ,214
17227,214
9016 ,214
11078,214
16847,214
8573 ,214
8275 ,214
12031,214
9776 ,214
13407,214
3733 ,214
11671,214
4344 ,214
16785,214
8185 ,214
776  ,214
10670,214
8042 ,214
16512,214
15142,214
15875,214
3715 ,214
201  ,214
11749,214
1265 ,214
3376 ,214
9998 ,214
10884,214
12821,214
10764,214
11542,214
7538 ,214
1660 ,214
1561 ,214
6749 ,214
1881 ,214
3257 ,214
16948,214
9286 ,214
14013,214
2083 ,214
8218 ,214
16222,214
11364,214
5037 ,214
9013 ,214
4969 ,214
5618 ,214
17289,214
6621 ,214
5177 ,214
7292 ,214
15211,214
4584 ,214
7077 ,214
11452,214
4963 ,214
15545,214
3678 ,214
10666,214
6375 ,214
1092 ,214
11567,214
7342 ,214
7010 ,214
16301,214
14076,214
16007,214
3799 ,214
8797 ,214
6210 ,214
7710 ,214
3696 ,214
556  ,214
5108 ,214
14221,214
16770,214
13735,214
8284 ,214
16909,214
5291 ,214
8507 ,214
5671 ,214
6890 ,214
6849 ,214
4700 ,214
8670 ,214
16941,214
4768 ,214
17205,214
1036 ,214
1194 ,214
6102 ,214
6352 ,214
9284 ,214
13384,214
15436,214
14650,214
986  ,214
6566 ,214
16643,214
6293 ,214
15367,214
16128,214
3879 ,214
1680 ,214
6937 ,214
2628 ,214
14412,214
15712,214
9824 ,214
9711 ,214
11390,214
2975 ,214
6918 ,214
9721 ,214
11579,214
9416 ,214
5627 ,214
12654,214
12519,214
825  ,214
5946 ,214
11160,214
5693 ,214
15570,214
10610,214
11373,214
5558 ,214
12599,214
11876,214
11911,214
14699,214
10019,214
16527,214
12728,214
16817,214
12046,214
14655,214
3264 ,214
2720 ,214
12547,214
5955 ,214
16776,214
4810 ,214
6824 ,214
9729 ,214
16300,214
14371,214
15317,214
2155 ,214
14119,214
14207,214
16078,214
8027 ,214
3003 ,214
11745,214
6599 ,214
8918 ,214
5449 ,214
10061,214
9447 ,214
9818 ,214
8184 ,214
6534 ,214
9489 ,214
7138 ,214
6926 ,214
5352 ,214
3694 ,214
4866 ,214
10404,214
9176 ,214
1794 ,214
3996 ,214
3801 ,214
3136 ,214
9816 ,214
9972 ,214
7371 ,214
11468,214
10772,214
16405,214
1071 ,214
9717 ,214
1675 ,214
13077,214
10228,214
3323 ,214
14959,214
1902 ,214
16905,214
8589 ,214
5463 ,214
6856 ,214
14638,214
2258 ,214
2650 ,214
6741 ,214
16289,214
8710 ,214
3769 ,214
4020 ,214
1342 ,214
12529,214
12592,214
1292 ,214
9320 ,214
10210,214
15820,214
13080,214
9036 ,214
10581,214
8547 ,214
4377 ,214
3957 ,214
5726 ,214
5732 ,214
12369,214
5983 ,214
6911 ,214
2797 ,214
17136,214
15268,214
4660 ,214
5935 ,214
7237 ,214
3008 ,214
7108 ,214
6610 ,214
4485 ,214
1044 ,214
13956,214
6713 ,214
8650 ,214
6118 ,214
6161 ,214
6308 ,214
7147 ,214
152  ,214
16016,214
14678,214
12579,214
1069 ,214
302  ,214
15698,214
6908 ,214
12609,214
247  ,214
13421,214
7460 ,214
8313 ,214
14165,214
6309 ,214
16517,214
8219 ,214
14930,214
4829 ,214
3895 ,214
15272,214
5232 ,214
10480,214
12120,214
7440 ,214
268  ,214
2820 ,214
3705 ,214
4884 ,214
5898 ,214
12903,214
6258 ,214
15980,214
15639,214
7249 ,214
2741 ,214
8564 ,214
6027 ,214
11449,214
9122 ,214
14780,214
13660,214
9598 ,214
4940 ,214
9389 ,214
15013,214
6186 ,214
7094 ,214
7031 ,214
8803 ,214
9305 ,214
5398 ,214
1373 ,214
9052 ,214
3070 ,214
3304 ,214
13103,214
11487,214
6961 ,214
9652 ,214
4088 ,214
13272,214
11222,214
12151,214
11114,214
17211,214
4041 ,214
2276 ,214
704  ,214
5562 ,214
1043 ,214
7351 ,214
11846,214
1694 ,214
5718 ,214
17061,214
1523 ,214
14022,214
13459,214
1939 ,214
10271,214
10172,214
3342 ,214
7198 ,214
10438,214
11380,214
5672 ,214
248  ,214
1873 ,214
17207,214
861  ,214
9151 ,214
2666 ,214
4480 ,214
7494 ,214
15008,214
7407 ,214
1608 ,214
14520,214
2523 ,214
9324 ,214
9731 ,214
1776 ,214
5338 ,214
3500 ,214
16074,214
10550,214
2420 ,214
14662,214
6126 ,214
5418 ,214
5079 ,214
13748,214
8743 ,214
15242,214
8932 ,214
7054 ,214
4555 ,214
7427 ,214
1738 ,214
4844 ,214
7552 ,214
16598,214
16869,214
16341,214
667  ,214
7075 ,214
3890 ,214
2299 ,214
8509 ,214
13324,214
16944,214
9418 ,214
2394 ,214
10655,214
15976,214
17281,214
13966,214
12199,214
7183 ,214
15408,214
13834,214
1791 ,214
10665,214
15867,214
2195 ,214
13882,214
7298 ,214
10614,214
12222,214
15328,214
16233,214
11696,214
5924 ,214
6936 ,214
14963,214
14491,214
7153 ,214
12355,214
9069 ,214
13759,214
11082,214
3607 ,214
14307,214
9137 ,214
14799,214
11731,214
6827 ,214
12312,214
14070,214
11170,214
4645 ,214
5980 ,214
4731 ,214
6091 ,214
13012,214
11528,214
4777 ,214
3465 ,214
3755 ,214
102  ,214
15137,214
6623 ,214
15185,214
4032 ,214
3226 ,214
409  ,214
6287 ,214
2301 ,214
16976,214
7570 ,214
14180,214
7088 ,214
5421 ,214
7666 ,214
11850,214
11375,214
11119,214
14777,214
958  ,214
11753,214
6770 ,214
2092 ,214
14230,214
760  ,214
12785,214
8531 ,214
8511 ,214
12912,214
13918,214
10139,214
16658,214
1519 ,214
15505,214
12410,214
567  ,214
9281 ,214
14146,214
10277,214
6318 ,214
7766 ,214
16670,214
1808 ,214
14267,214
4805 ,214
9021 ,214
7612 ,214
9513 ,214
11945,214
3538 ,214
15786,214
17248,214
4613 ,214
6967 ,214
6697 ,214
2557 ,214
13786,214
13310,214
11646,214
13528,214
1440 ,214
5808 ,214
14597,214
13206,214
2754 ,214
11214,214
8206 ,214
211  ,214
8423 ,214
5532 ,214
7124 ,214
10786,214
8328 ,214
15264,214
11684,214
6964 ,214
9196 ,214
4803 ,214
2530 ,214
5212 ,214
10970,214
10087,214
13534,214
10454,214
13492,214
6325 ,214
7473 ,214
17042,214
1617 ,214
2038 ,214
7245 ,214
10886,214
1797 ,214
195  ,214
13129,214
14632,214
16317,214
14141,214
15169,214
3018 ,214
6281 ,214
12896,214
9974 ,214
1981 ,214
7336 ,214
9150 ,214
6740 ,214
3571 ,214
13924,214
13592,214
356  ,214
4109 ,214
13767,214
4558 ,214
16925,214
1362 ,214
4056 ,214
1172 ,214
11973,214
6319 ,214
8293 ,214
1911 ,214
7781 ,214
7507 ,214
1589 ,214
11788,214
9382 ,214
15835,214
7239 ,214
9353 ,214
7737 ,214
4181 ,214
3162 ,214
14319,214
2710 ,214
5109 ,214
10924,214
1017 ,214
791  ,214
4364 ,214
2126 ,214
1251 ,214
15456,214
3283 ,214
13061,214
10231,214
10775,214
14934,214
14857,214
12300,214
1798 ,214
7056 ,214
11532,214
4531 ,214
12919,214
4836 ,214
15271,214
6629 ,214
7834 ,214
14797,214
12380,214
6392 ,214
16690,214
14188,214
2466 ,214
14452,214
1338 ,214
6322 ,214
3903 ,214
5922 ,214
11110,214
9703 ,214
17112,214
10421,214
15953,214
11328,214
8346 ,214
11105,214
8351 ,214
11987,214
699  ,214
8455 ,214
12945,214
14009,214
2718 ,214
13634,214
14596,214
1031 ,214
10941,214
15780,214
983  ,214
9484 ,214
2013 ,214
15574,214
7510 ,214
1860 ,214
14700,214
12825,214
9621 ,214
11168,214
12907,214
12978,214
3898 ,214
11272,214
5966 ,214
14647,214
4601 ,214
15077,214
6726 ,214
7068 ,214
14064,214
9812 ,214
3463 ,214
13060,214
4236 ,214
9838 ,214
6962 ,214
7362 ,214
931  ,214
1268 ,214
11199,214
15060,214
6393 ,214
15156,214
13108,214
4498 ,214
14858,214
3450 ,214
1595 ,214
7491 ,214
14160,214
12402,214
8881 ,214
16544,214
10693,214
3384 ,214
15376,214
13458,214
1985 ,214
13333,214
13030,214
13999,214
8899 ,214
7455 ,214
3654 ,214
2687 ,214
1442 ,214
15770,214
2162 ,214
3200 ,214
15313,214
12137,214
17028,214
10086,214
17221,214
471  ,214
2672 ,214
3488 ,214
7551 ,214
5730 ,214
9037 ,214
10349,214
11425,214
16461,214
9006 ,214
13666,214
7429 ,214
6549 ,214
8065 ,214
9356 ,214
3135 ,214
13803,214
991  ,214
7    ,214
6482 ,214
800  ,214
4134 ,214
16437,214
13277,214
11754,214
1628 ,214
9417 ,214
5420 ,214
11862,214
6652 ,214
15067,214
3974 ,214
7335 ,214
11301,214
15285,214
10511,214
11216,214
15576,214
16844,214
10732,214
9162 ,214
1661 ,214
15318,214
12737,214
14747,214
256  ,214
2236 ,214
12135,214
806  ,214
2443 ,214
7119 ,214
3421 ,214
16066,214
17304,214
5601 ,214
14836,214
2079 ,214
16694,214
14845,214
376  ,214
989  ,214
4861 ,214
12726,214
2925 ,214
12703,214
6837 ,214
9084 ,214
445  ,214
16677,214
1679 ,214
9168 ,214
4726 ,214
11090,214
7215 ,214
13013,214
12399,214
2753 ,214
3362 ,214
9589 ,214
2146 ,214
10817,214
763  ,214
16174,214
2675 ,214
8270 ,214
1824 ,214
2148 ,214
7498 ,214
16466,214
9133 ,214
9451 ,214
13667,214
13282,214
11860,214
319  ,214
2382 ,214
6351 ,214
10826,214
8157 ,214
15360,214
9779 ,214
7988 ,214
17029,214
12216,214
9042 ,214
9256 ,214
7488 ,214
7258 ,214
2490 ,214
6069 ,214
7499 ,214
2379 ,214
1341 ,214
6702 ,214
13285,214
5602 ,214
3723 ,214
10804,214
347  ,214
2349 ,214
8717 ,214
808  ,214
11807,214
466  ,214
13284,214
16855,214
1281 ,214
11905,214
3734 ,214
690  ,214
17219,214
2547 ,214
6041 ,214
12025,214
7171 ,214
7720 ,214
9561 ,214
6030 ,214
3357 ,214
15856,214
13944,214
7267 ,214
10528,214
13402,214
5496 ,214
2479 ,214
17165,214
12864,214
10807,214
12953,214
12679,214
15397,214
6458 ,214
8729 ,214
14192,214
8231 ,214
12097,214
15399,214
1406 ,214
5797 ,214
1157 ,214
15262,214
193  ,214
11058,214
8759 ,214
2926 ,214
2377 ,214
4467 ,214
15278,214
13020,214
7046 ,214
6767 ,214
483  ,214
11054,214
7738 ,214
545  ,214
14955,214
4513 ,214
911  ,214
9890 ,214
13159,214
6037 ,214
9796 ,214
1502 ,214
4084 ,214
7543 ,214
15107,214
10393,214
5501 ,214
4798 ,214
12063,214
5919 ,214
10890,214
2310 ,214
2071 ,214
8558 ,214
16766,214
4433 ,214
4623 ,214
7845 ,214
11839,214
7800 ,214
11025,214
12257,214
10495,214
7731 ,214
5485 ,214
7276 ,214
3195 ,214
10034,214
2631 ,214
17037,214
5638 ,214
15755,214
9188 ,214
11577,214
16489,214
12219,214
1785 ,214
14199,214
1133 ,214
5723 ,214
9298 ,214
4168 ,214
5992 ,214
143  ,214
468  ,214
11033,214
3932 ,214
4626 ,214
16288,214
8924 ,214
8815 ,214
4172 ,214
4960 ,214
9392 ,214
16350,214
14104,214
6989 ,214
6343 ,214
1139 ,214
13830,214
15134,214
1241 ,214
154  ,214
17085,214
1058 ,214
12386,214
6708 ,214
6611 ,214
4572 ,214
13325,214
13349,214
4107 ,214
520  ,214
8500 ,214
10675,214
12024,214
17188,214
14523,214
9103 ,214
16923,214
15192,214
10415,214
12667,214
3770 ,214
5976 ,214
15314,214
7822 ,214
2072 ,214
1450 ,214
581  ,214
4993 ,214
6076 ,214
15744,214
15208,214
9115 ,214
14028,214
12023,214
11016,214
10054,214
5553 ,214
3089 ,214
4237 ,214
777  ,214
13707,214
15757,214
9454 ,214
2380 ,214
3330 ,214
6292 ,214
12910,214
17254,214
1223 ,214
16495,214
11787,214
4576 ,214
11957,214
1748 ,214
14386,214
12306,214
900  ,214
3812 ,214
7893 ,214
908  ,214
8379 ,214
4546 ,214
2011 ,214
14397,214
13453,214
5090 ,214
4265 ,214
12779,214
14446,214
2102 ,214
9716 ,214
111  ,214
13191,214
16574,214
5585 ,214
8716 ,214
14921,214
7561 ,214
12647,214
15241,214
3985 ,214
15645,214
10417,214
13525,214
12146,214
10516,214
2352 ,214
13484,214
5942 ,214
6256 ,214
2726 ,214
1301 ,214
8896 ,214
2700 ,214
7626 ,214
12011,214
7902 ,214
16320,214
5324 ,214
4458 ,214
8209 ,214
8170 ,214
2805 ,214
6700 ,214
12290,214
9478 ,214
14609,214
15428,214
7819 ,214
3474 ,214
3255 ,214
4744 ,214
5604 ,214
8817 ,214
10805,214
14457,214
4934 ,214
4569 ,214
9216 ,214
8378 ,214
12109,214
13027,214
2767 ,214
2444 ,214
949  ,214
10157,214
8806 ,214
17173,214
15602,214
12694,214
8819 ,214
8431 ,214
3984 ,214
16623,214
1603 ,214
2056 ,214
9900 ,214
11794,214
12407,214
17129,214
4037 ,214
13067,214
6597 ,214
8038 ,214
3206 ,214
13887,214
724  ,214
3556 ,214
5767 ,214
350  ,214
9869 ,214
10141,214
649  ,214
3063 ,214
14201,214
2436 ,214
2807 ,214
12935,214
16678,214
3874 ,214
1037 ,214
3612 ,214
620  ,214
13145,214
6086 ,214
6742 ,214
15398,214
6511 ,214
15984,214
16582,214
5249 ,214
14445,214
7518 ,214
3750 ,214
17253,214
11584,214
2270 ,214
4970 ,214
1226 ,214
13562,214
8830 ,214
11845,214
10040,214
11259,214
2509 ,214
9475 ,214
7130 ,214
6023 ,214
570  ,214
15865,214
14624,214
2998 ,214
14751,214
4453 ,214
4784 ,214
2985 ,214
11602,214
1721 ,214
13751,214
258  ,214
14095,214
11986,214
13766,214
6963 ,214
16612,214
7762 ,214
14741,214
589  ,214
9441 ,214
6885 ,214
1196 ,214
10380,214
7732 ,214
6071 ,214
3740 ,214
8454 ,214
15832,214
16967,214
12608,214
7817 ,214
3506 ,214
10057,214
17051,214
2104 ,214
12121,214
16780,214
10742,214
15419,214
2923 ,214
571  ,214
9970 ,214
938  ,214
4573 ,214
2858 ,214
8891 ,214
14258,214
12445,214
4355 ,214
14683,214
6730 ,214
13146,214
9309 ,214
15307,214
9294 ,214
15719,214
1673 ,214
7763 ,214
17017,214
16121,214
7309 ,214
2888 ,214
16814,214
6002 ,214
15235,214
2478 ,214
3902 ,214
16915,214
2118 ,214
3187 ,214
731  ,214
1718 ,214
7532 ,214
3219 ,214
9390 ,214
4984 ,214
2055 ,214
6683 ,214
9946 ,214
8525 ,214
4640 ,214
11187,214
4919 ,214
9991 ,214
8216 ,214
9545 ,214
6728 ,214
10647,214
5167 ,214
16409,214
5691 ,214
2164 ,214
2828 ,214
9010 ,214
11841,214
12768,214
6782 ,214
14949,214
2732 ,214
7664 ,214
2372 ,214
4574 ,214
5522 ,214
10564,214
3695 ,214
1886 ,214
13043,214
15540,214
4508 ,214
16403,214
44   ,214
17339,214
721  ,214
7430 ,214
14890,214
2663 ,214
1574 ,214
456  ,214
16358,214
11766,214
7375 ,214
246  ,214
7545 ,214
3268 ,214
12090,214
4327 ,214
10619,214
3244 ,214
751  ,214
9676 ,214
3451 ,214
7321 ,214
8746 ,214
5467 ,214
9531 ,214
15669,214
12370,214
4310 ,214
6094 ,214
7361 ,214
14304,214
14884,214
14351,214
6924 ,214
2359 ,214
2994 ,214
1848 ,214
10639,214
13716,214
5247 ,214
2516 ,214
14915,214
15847,214
7870 ,214
14245,214
5573 ,214
5795 ,214
9659 ,214
14066,214
9608 ,214
6949 ,214
16553,214
974  ,214
4312 ,214
10031,214
17230,214
3747 ,214
9773 ,214
13427,214
11458,214
1619 ,214
9033 ,214
1754 ,214
5995 ,214
4899 ,214
2578 ,214
3651 ,214
3944 ,214
16190,214
1992 ,214
6763 ,214
16183,214
1915 ,214
9801 ,214
15141,214
12725,214
13099,214
16929,214
9367 ,214
13477,214
14382,214
598  ,214
7143 ,214
13825,214
11893,214
11174,214
1775 ,214
14957,214
3629 ,214
10422,214
14077,214
13400,214
10445,214
16728,214
8018 ,214
7398 ,214
9988 ,214
304  ,214
4302 ,214
12949,214
14781,214
4669 ,214
3995 ,214
7969 ,214
9323 ,214
5126 ,214
13037,214
12279,214
11283,214
17231,214
11503,214
14509,214
321  ,214
12454,214
613  ,214
9164 ,214
16471,214
10180,214
12808,214
2617 ,214
4938 ,214
14882,214
1632 ,214
7909 ,214
11448,214
2093 ,214
5293 ,214
5509 ,214
8967 ,214
9432 ,214
10782,214
7566 ,214
5168 ,214
5566 ,214
343  ,214
3726 ,214
1416 ,214
2968 ,214
14482,214
5459 ,214
15806,214
12149,214
7544 ,214
12184,214
4519 ,214
1622 ,214
8860 ,214
5034 ,214
2860 ,214
14235,214
14107,214
2482 ,214
7334 ,214
16774,214
3368 ,214
9640 ,214
5556 ,214
10841,214
4773 ,214
4240 ,214
9520 ,214
8534 ,214
8674 ,214
15730,214
4579 ,214
12582,214
1631 ,214
7101 ,214
17059,214
14148,214
14731,214
6404 ,214
9097 ,214
10995,214
2969 ,214
3087 ,214
11657,214
12433,214
13692,214
6553 ,214
5570 ,214
2652 ,214
2760 ,214
16395,214
14129,214
9567 ,214
10966,214
7678 ,214
11543,214
8280 ,214
3429 ,214
8879 ,214
8752 ,214
3973 ,214
15256,214
12019,214
4848 ,214
4090 ,214
661  ,214
9146 ,214
5586 ,214
5704 ,214
3536 ,214
2391 ,214
12806,214
17311,214
1713 ,214
8755 ,214
3574 ,214
15350,214
4709 ,214
13455,214
11771,214
8182 ,214
2174 ,214
10189,214
16303,214
2027 ,214
12138,214
14072,214
11265,214
16338,214
11900,214
3277 ,214
3428 ,214
6175 ,214
2586 ,214
11738,214
2347 ,214
8874 ,214
15825,214
11964,214
5526 ,214
7315 ,214
5817 ,214
15478,214
13185,214
6746 ,214
4456 ,214
8653 ,214
16555,214
10604,214
11043,214
4373 ,214
12170,214
11212,214
2729 ,214
5628 ,214
2788 ,214
3562 ,214
4217 ,214
10332,214
4122 ,214
13896,214
4120 ,214
13142,214
7778 ,214
15479,214
1920 ,214
2202 ,214
866  ,214
5644 ,214
15621,214
16951,214
1140 ,214
15369,214
15638,214
7234 ,214
17035,214
11405,214
8523 ,214
5360 ,214
16511,214
3331 ,214
7213 ,214
6370 ,214
3935 ,214
2242 ,214
2786 ,214
8248 ,214
5827 ,214
4445 ,214
14828,214
2043 ,214
16989,214
11885,214
16111,214
11191,214
2818 ,214
9206 ,214
11030,214
5289 ,214
12492,214
3746 ,214
6930 ,214
5805 ,214
9167 ,214
5295 ,214
16818,214
5536 ,214
533  ,214
4280 ,214
987  ,214
11934,214
4687 ,214
9469 ,214
4890 ,214
5147 ,214
4287 ,214
3029 ,214
7331 ,214
14698,214
3906 ,214
10170,214
2623 ,214
5043 ,214
4699 ,214
8778 ,214
14406,214
9672 ,214
11278,214
6283 ,214
15525,214
10122,214
14015,214
10620,214
9331 ,214
14742,214
16686,214
11171,214
14978,214
6712 ,214
10935,214
11619,214
4252 ,214
2871 ,214
9011 ,214
16436,214
2004 ,214
7874 ,214
15518,214
3416 ,214
9158 ,214
7214 ,214
11498,214
3299 ,214
1615 ,214
4688 ,214
2804 ,214
3221 ,214
15212,214
11445,214
2494 ,214
15073,214
15274,214
3550 ,214
2766 ,214
11969,214
7408 ,214
4975 ,214
9067 ,214
17342,214
4679 ,214
15566,214
3669 ,214
8917 ,214
13300,214
6731 ,214
2064 ,214
8527 ,214
16913,214
14065,214
298  ,214
8343 ,214
11902,214
11644,214
9340 ,214
10481,214
10394,214
15512,214
8948 ,214
5030 ,214
6602 ,214
13513,214
7990 ,214
7527 ,214
13417,214
6108 ,214
8451 ,214
7368 ,214
8481 ,214
12816,214
3628 ,214
8433 ,214
15557,214
12205,214
1961 ,214
8257 ,214
2021 ,214
10065,214
8807 ,214
15301,214
12795,214
4013 ,214
12282,214
507  ,214
1744 ,214
6781 ,214
11406,214
11818,214
6405 ,214
12411,214
14958,214
1876 ,214
3641 ,214
17105,214
15674,214
13842,214
10115,214
2638 ,214
707  ,214
8236 ,214
10956,214
4291 ,214
12295,214
1458 ,214
8133 ,214
6815 ,214
13166,214
12577,214
8101 ,214
3022 ,214
5417 ,214
4004 ,214
9582 ,214
4804 ,214
14527,214
13928,214
12232,214
16045,214
5700 ,214
6453 ,214
10100,214
13530,214
14324,214
9205 ,214
7578 ,214
12220,214
7067 ,214
5989 ,214
9647 ,214
13976,214
7169 ,214
6199 ,214
10309,214
16801,214
9238 ,214
15783,214
1984 ,214
4029 ,214
8669 ,214
14626,214
15331,214
6020 ,214
8372 ,214
15905,214
1060 ,214
3989 ,214
5969 ,214
3385 ,214
1189 ,214
16081,214
15269,214
5433 ,214
2826 ,214
227  ,214
15439,214
7681 ,214
13308,214
17271,214
11064,214
3893 ,214
15352,214
11949,214
8208 ,214
5652 ,214
383  ,214
11063,214
14894,214
7076 ,214
2569 ,214
4159 ,214
2127 ,214
15531,214
16148,214
148  ,214
5054 ,214
9989 ,214
8727 ,214
8821 ,214
5864 ,214
12660,214
8572 ,214
11255,214
15354,214
10914,214
13679,214
6321 ,214
12185,214
15277,214
5736 ,214
3575 ,214
11522,214
4118 ,214
3668 ,214
10110,214
8529 ,214
9835 ,214
12847,214
4261 ,214
14774,214
12822,214
7193 ,214
16042,214
12811,214
3131 ,214
7903 ,214
8931 ,214
7014 ,214
2429 ,214
8095 ,214
4023 ,214
5927 ,214
1581 ,214
6541 ,214
10032,214
5301 ,214
7256 ,214
8278 ,214
9528 ,214
5801 ,214
12354,214
5026 ,214
13621,214
7443 ,214
12265,214
5896 ,214
14578,214
4368 ,214
2801 ,214
14801,214
15430,214
11727,214
5298 ,214
13795,214
4274 ,214
7112 ,214
1349 ,214
16562,214
15273,214
12538,214
15556,214
9575 ,214
4549 ,214
1558 ,214
6917 ,214
14038,214
13804,214
5003 ,214
7216 ,214
15650,214
9700 ,214
1235 ,214
1767 ,214
15070,214
4030 ,214
12572,214
16888,214
15011,214
13952,214
8510 ,214
4697 ,214
15734,214
1398 ,214
15351,214
497  ,214
6760 ,214
2529 ,214
16028,214
10615,214
1752 ,214
12965,214
6552 ,214
14738,214
11637,214
6422 ,214
8408 ,214
12427,214
5340 ,214
9687 ,214
730  ,214
7410 ,214
5008 ,214
11844,214
3530 ,214
7480 ,214
3229 ,214
6814 ,214
2240 ,214
16281,214
17090,214
162  ,214
4484 ,214
2927 ,214
15609,214
16108,214
10862,214
3620 ,214
14352,214
6829 ,214
8099 ,214
1905 ,214
12704,214
13243,214
6987 ,214
14285,214
5833 ,214
15590,214
3657 ,214
16353,214
15710,214
10530,214
3756 ,214
15928,214
1409 ,214
7660 ,214
5598 ,214
2233 ,214
6803 ,214
9833 ,214
5470 ,214
3776 ,214
2100 ,214
12041,214
10503,214
8188 ,214
8075 ,214
17172,214
2227 ,214
5060 ,214
5332 ,214
335  ,214
7383 ,214
8309 ,214
1792 ,214
14474,214
11205,214
39   ,214
8441 ,214
8790 ,214
7252 ,214
13516,214
5546 ,214
12993,214
6972 ,214
5990 ,214
2156 ,214
16157,214
10540,214
14311,214
13036,214
3666 ,214
6679 ,214
6235 ,214
14361,214
2795 ,214
3493 ,214
3251 ,214
13543,214
16404,214
652  ,214
1594 ,214
12346,214
16091,214
616  ,214
12250,214
10140,214
12452,214
5786 ,214
4129 ,214
6425 ,214
7501 ,214
1649 ,214
3540 ,214
8522 ,214
2615 ,214
2849 ,214
11343,214
12051,214
2081 ,214
10932,214
8263 ,214
17217,214
13633,214
10022,214
11667,214
9068 ,214
6092 ,214
4973 ,214
17276,214
12408,214
14965,214
1072 ,214
17049,214
7872 ,214
3970 ,214
3926 ,214
16181,214
9879 ,214
8425 ,214
14466,214
12731,214
16243,214
14709,214
9155 ,214
16884,214
3081 ,214
15171,214
2736 ,214
9232 ,214
16706,214
9258 ,214
2695 ,214
14338,214
9290 ,214
3842 ,214
16563,214
1703 ,214
7557 ,214
5110 ,214
9380 ,214
5773 ,214
