id,cnt
13504,231.2
15714,104.0
1658,93.6
10461,109.4
10875,128.0
14811,420.4
1474,108.0
5809,363.2
4655,230.8
7707,142.6
15963,411.0
9455,181.0
13565,284.0
10330,342.8
9277,104.4
1859,8.2
196,81.0
2817,118.6
11720,249.8
8864,5.4
7801,390.6
13754,145.6
1692,3.0
16019,4.8
6976,10.2
2635,425.8
6669,305.6
8306,246.4
8422,163.8
16899,149.4
6190,71.6
5082,223.0
11363,168.4
5742,296.6
8691,44.0
5600,39.6
1771,189.2
9527,137.6
3992,20.6
14375,4.2
267,75.0
10740,208.0
3201,95.6
16002,226.0
13762,255.0
6587,52.8
17278,241.4
7472,110.2
8239,90.8
4988,329.4
13281,293.6
16697,182.4
7647,7.6
11282,201.6
5929,195.6
2488,147.8
2850,172.4
3525,529.8
12482,43.4
4649,317.2
11959,274.6
13615,196.4
8635,116.8
13028,35.0
295,137.0
12885,25.2
14826,262.0
13302,257.0
15753,290.4
4218,175.0
2096,6.8
4604,507.6
4016,39.8
9540,157.6
5799,96.8
9289,128.8
8437,4.0
51,13.8
5847,5.2
2862,4.6
14209,49.8
10343,12.6
145,88.2
8186,342.0
9832,306.2
8514,98.6
11372,29.4
10832,367.0
7602,389.8
16668,11.6
11381,314.6
16628,251.2
3248,55.8
10450,278.0
11562,173.0
15504,15.4
6151,234.2
8971,261.2
10575,670.6
12472,373.8
13506,189.4
2232,211.8
4080,226.8
10791,347.6
6593,114.4
223,55.4
3168,193.0
4350,7.0
929,94.8
8809,120.0
10973,152.2
3608,13.6
6196,599.6
16215,240.0
3904,179.4
894,184.0
14515,209.8
9062,116.8
17209,33.6
3889,199.4
6376,20.4
3969,18.0
16896,548.4
16329,35.6
7968,319.0
10246,72.2
11608,356.8
15108,547.6
9774,16.0
6526,153.4
14648,275.2
1434,52.2
14239,239.8
4253,19.0
12680,580.6
2128,428.8
6346,91.6
15292,656.6
5061,250.2
8866,81.6
8657,228.4
10881,244.6
12163,187.8
12716,27.2
13526,380.0
13909,712.0
14219,313.0
3030,4.4
6315,480.2
16193,341.2
1175,97.8
14900,30.6
768,78.0
6359,163.6
8846,243.4
2625,24.2
5988,35.2
5097,93.2
686,47.4
2608,356.8
8951,236.6
2811,26.6
8368,246.0
11358,151.8
7161,54.8
3822,5.6
9565,106.4
5865,100.4
924,19.6
10273,10.8
17223,112.8
6424,87.8
21,46.0
12453,31.2
8009,405.6
7517,339.2
10879,230.0
7196,148.2
15154,355.6
10592,203.4
7631,397.8
5207,285.2
3121,136.2
802,50.8
2917,164.0
8246,29.4
6144,444.0
10646,296.8
2940,245.6
1049,60.8
12781,661.0
12431,6.8
8632,106.2
14422,12.2
12934,14.6
52,50.0
6932,229.8
12921,266.0
4857,130.4
14568,12.6
4461,361.6
4086,8.4
14289,303.0
14152,366.8
6841,180.8
12464,272.4
1115,4.2
12144,14.8
8851,70.0
11135,25.8
4668,278.0
16536,486.0
9571,181.0
12493,612.0
6613,61.0
11254,9.6
8479,32.6
14796,449.8
8238,121.2
1753,229.8
8496,96.4
4416,232.8
11836,106.4
12798,209.6
14470,13.2
4209,191.8
2130,391.6
16204,172.0
16253,131.4
3709,164.2
14860,145.8
13015,429.6
6198,496.8
14784,7.6
2839,4.4
5579,436.4
2610,373.0
3964,75.8
84,67.8
9967,31.4
14477,363.6
12260,54.8
287,141.0
12917,247.4
3952,437.0
1609,308.6
7269,150.0
14174,519.6
6062,13.8
10999,327.0
7824,430.8
7679,169.0
12132,526.0
1536,200.8
14478,186.6
15164,175.4
4339,371.0
10300,4.8
3407,300.8
8916,506.8
16167,130.2
12905,283.6
1326,72.0
9105,67.8
11890,196.6
6129,195.6
12323,604.4
14783,9.0
7301,217.8
1579,57.2
9768,100.8
7985,40.8
7780,473.8
4720,152.8
13646,630.4
14861,347.8
14879,7.2
9924,171.4
9658,50.2
13278,194.8
1621,57.8
2401,168.4
5098,299.6
5957,417.0
10788,83.8
16698,217.2
9819,51.2
4553,179.0
10175,23.6
10165,396.6
6080,220.8
8939,265.2
4048,179.2
1073,68.4
6476,135.6
284,45.0
2458,36.6
2103,235.0
10146,188.8
12126,244.6
17008,208.4
13925,315.0
6709,7.6
14407,224.0
2855,299.4
15529,13.0
3591,225.8
13878,220.2
5621,62.2
8434,13.2
10816,304.4
5045,17.2
16426,18.2
4372,17.0
2887,4.2
11186,132.0
5072,23.8
10537,2.8
5447,168.4
6638,30.2
2602,28.6
13316,119.6
12979,195.0
3393,106.8
2655,165.8
2261,33.2
4991,220.0
10441,3.8
12546,173.8
569,46.8
16650,337.0
13208,270.2
8607,148.0
3559,14.0
2343,151.8
10418,15.2
7305,90.2
6494,5.4
14878,10.2
1057,336.0
93,14.2
9098,77.0
1823,136.2
6925,5.2
16741,144.8
14587,116.4
13167,423.4
5991,6.0
13457,207.2
16485,462.6
1863,176.4
1245,45.8
4100,516.4
3242,100.4
10653,95.2
9584,151.8
17098,11.6
4755,57.4
587,87.0
4243,384.6
1979,89.6
1429,125.4
3863,336.6
7100,206.8
6366,367.6
14605,787.2
10121,258.2
13093,555.0
8687,130.6
5913,108.2
17093,87.6
6389,315.2
5242,348.6
12518,528.4
11146,575.2
10651,102.6
11240,124.8
10719,584.0
17179,146.2
16462,406.6
13115,264.2
5549,10.8
7024,80.8
2101,117.8
12425,327.0
14099,365.8
4923,51.6
17361,6.4
5265,125.6
9713,159.6
6265,133.6
942,85.4
4077,503.4
15265,93.0
17241,17.2
1452,156.2
17373,147.4
11768,287.2
17196,75.4
17291,138.0
6466,116.0
15930,188.8
1996,10.2
4234,407.6
4466,172.2
15461,298.4
9128,9.4
8781,237.2
8763,65.8
16280,27.4
6916,349.8
13789,728.8
5133,295.0
16406,356.2
1717,2.8
8804,317.4
16365,219.0
7747,169.6
8836,33.6
15692,130.6
1185,110.2
11028,249.8
2136,98.0
2934,18.8
2311,6.6
13904,255.6
9088,130.2
8643,43.4
14971,173.8
4921,161.6
3956,448.0
3389,11.4
3382,428.8
12576,12.8
9212,411.6
8415,55.0
9384,182.8
8560,114.8
4145,414.2
5300,251.6
15084,567.0
5468,444.8
11633,307.8
12095,8.6
1976,3.6
8288,105.2
8769,7.2
13511,64.0
12261,26.0
10852,400.0
11315,618.6
2411,264.0
8543,78.0
12479,30.2
10695,569.2
9491,30.4
780,61.2
5478,30.0
5390,177.4
3180,232.4
1445,260.2
10488,50.2
7855,108.4
3440,13.8
8232,191.0
7838,17.0
8963,7.0
9494,236.4
7394,344.4
14177,268.8
3601,186.8
7971,233.0
7233,77.2
16402,4.4
3855,174.0
16808,46.8
6732,16.0
11344,45.8
5158,235.0
4578,187.8
5388,234.0
9874,110.6
1777,246.4
9458,80.8
8274,257.4
11596,462.6
16296,469.0
8744,3.2
9948,175.4
5052,277.2
4947,90.8
11013,25.2
1186,51.8
3888,267.8
14023,514.4
12783,557.8
9054,3.8
5695,546.2
14623,169.8
14483,335.6
11842,507.6
1109,85.6
3118,170.4
13831,530.2
10371,79.2
6522,337.8
6515,19.2
8469,128.0
11526,154.4
3909,534.8
2960,10.4
12292,486.2
1008,100.4
14303,7.8
2307,69.6
12950,702.0
11937,317.0
11545,24.4
3398,183.2
1127,172.2
1279,75.0
6295,212.8
636,73.4
7815,6.2
13152,15.8
10049,426.2
5766,355.4
8875,203.2
3529,148.2
12595,129.4
3009,104.4
17100,142.2
9903,197.8
2901,555.6
9171,9.6
7329,54.8
9797,19.8
7302,148.8
10813,361.0
11263,219.6
17288,4.2
207,28.8
3197,6.0
2234,127.0
14392,425.6
5588,454.0
8734,359.6
7242,406.4
1904,12.0
6529,242.2
2889,133.6
11204,33.6
2772,180.6
5118,23.8
7300,284.4
6564,19.8
14588,31.6
2296,410.6
13756,568.4
9840,72.4
151,72.6
16533,219.0
14966,769.8
6690,376.4
16554,84.8
15432,14.0
4746,160.4
15546,115.8
663,24.2
13503,363.6
10561,11.8
6640,9.8
11249,227.0
12278,738.0
150,81.0
9606,8.4
3001,123.0
11914,276.6
1599,16.0
3408,242.4
14503,463.2
2542,388.2
9579,14.8
12107,323.4
12681,525.0
515,93.6
9228,254.6
11007,454.8
16474,23.2
3472,406.0
8323,213.6
6229,11.6
13769,341.2
17126,201.0
10746,344.6
8322,151.0
16310,65.6
7032,257.6
10147,160.4
2318,118.2
12617,289.4
3110,254.4
16789,292.6
10858,270.4
12263,9.2
362,115.6
4828,24.0
14727,541.2
5606,190.6
12985,22.0
16903,18.0
9365,5.4
2243,114.8
9566,111.6
6236,147.6
12377,271.4
15539,544.0
344,95.0
5348,482.2
6904,100.4
16946,254.6
121,58.8
9414,5.8
3308,440.0
5444,505.8
1324,59.4
9702,3.0
11429,349.4
5376,214.2
8015,140.6
2363,277.2
16975,65.6
9704,130.6
6910,197.6
7066,38.6
11286,250.0
9247,10.8
13968,15.6
8762,184.4
10083,15.2
1885,98.6
4164,223.6
2769,25.2
15991,145.8
10885,382.2
13626,228.8
13776,6.6
16783,22.8
10223,25.8
13694,406.0
374,19.0
7212,5.0
16314,372.2
7593,81.8
4384,168.2
11123,424.8
10409,385.0
13643,350.2
12192,12.2
11233,47.4
10584,19.4
11892,334.6
4750,420.6
423,102.2
963,157.0
8791,32.6
4523,391.0
15400,205.6
11837,284.4
14286,257.0
10368,11.0
17038,272.2
7458,97.6
10940,145.0
3851,447.4
6121,339.6
9266,81.0
775,199.8
16879,22.8
1457,48.4
2832,149.2
17324,138.0
1511,178.2
14388,377.2
4965,361.6
17102,442.2
4114,67.4
10227,2.2
15341,261.4
16459,316.6
17066,301.6
6992,95.6
5967,27.4
5791,397.2
13046,764.8
2367,79.8
4610,138.8
16963,274.2
4959,302.4
3941,51.6
5701,112.0
10562,11.6
12037,481.8
11327,33.2
11563,120.2
8728,104.8
1588,156.0
9600,130.4
3332,380.8
2046,6.0
12813,99.8
1309,158.8
6852,7.8
10136,149.8
6751,256.2
10623,692.8
16539,268.0
7760,51.0
3598,425.8
13829,316.4
2784,92.6
16025,407.8
766,287.6
5462,382.4
2583,55.8
9273,68.0
11712,7.0
6031,301.8
7452,36.4
8863,6.0
10577,537.8
2955,90.0
15480,5.2
5080,152.6
10305,237.8
5751,12.0
6489,60.0
17108,217.6
8701,407.2
3054,5.2
9632,9.6
16892,219.4
15228,401.8
13921,127.0
9450,221.2
11977,14.6
8160,246.2
1435,33.2
2624,6.2
8456,57.6
14485,743.2
4156,12.2
8266,19.0
13391,5.6
16815,196.8
592,95.6
9783,192.4
8977,90.0
5870,9.4
12799,217.4
13413,26.4
12853,537.4
11062,15.2
10015,173.8
12549,19.2
5223,207.8
15591,474.4
11998,72.8
7832,74.2
13907,300.8
14300,73.6
12924,476.8
14545,28.6
9752,65.8
10686,502.4
1729,201.8
5615,221.8
1872,115.4
16487,375.2
9689,244.0
8318,5.4
9720,89.6
14907,422.4
6354,204.2
5835,398.2
4219,318.2
12951,562.0
12178,507.6
9755,221.2
11289,325.2
6615,13.0
7053,155.0
14688,15.4
4775,285.8
2497,99.2
9333,179.4
10154,24.6
13573,833.2
1149,226.0
8828,281.0
109,161.2
13314,238.0
1942,296.4
8934,8.4
3182,185.6
2591,52.4
16003,443.4
5938,182.8
12404,41.6
12465,301.6
8568,190.2
1993,86.8
14933,323.8
7290,114.2
7818,100.6
584,48.2
310,159.0
13253,376.2
8222,30.6
16953,4.4
6853,6.0
16503,95.0
1344,48.2
15037,570.8
13010,23.0
2339,223.2
9697,63.2
16344,277.6
6154,75.2
14401,67.2
7605,165.4
4510,464.0
13428,433.2
4786,47.0
7790,9.4
11104,249.0
15604,510.6
10531,187.4
4400,25.0
243,56.8
16745,216.2
14765,310.4
8028,6.6
14598,208.2
8116,222.8
910,77.2
9983,59.6
9626,65.8
8677,78.2
15128,320.0
15184,261.4
9744,93.4
14481,332.4
10350,391.6
6373,13.6
1568,119.4
1479,26.6
12526,11.6
7462,388.8
1064,6.2
3841,179.6
6600,193.6
15127,240.4
1417,113.6
10980,559.8
17239,2.8
1499,236.4
4667,447.0
9415,5.4
16194,354.6
5687,252.2
15891,381.0
16998,98.8
9534,3.0
4737,163.0
2418,279.6
14061,15.6
10112,289.4
8490,94.0
16588,175.0
5762,270.6
16175,392.0
14976,16.0
12581,389.2
9602,21.0
9845,16.6
4238,188.6
16513,244.4
13558,12.0
6754,88.4
4247,418.8
3306,313.8
3043,245.2
15535,490.0
4682,105.2
119,2.2
14616,52.6
12111,621.4
6058,96.0
16163,15.0
4820,329.4
9829,187.6
17067,149.4
17187,43.0
9081,55.0
868,64.0
7898,379.6
7045,3.6
17015,252.8
10478,519.4
16889,199.6
1986,124.6
5846,19.6
5759,179.4
14079,610.6
16910,604.2
14775,590.0
4389,506.2
3338,76.6
8760,218.0
11724,215.8
3236,502.0
10831,166.6
10381,217.4
13737,255.2
562,66.4
4539,38.6
5339,403.4
14093,303.8
15316,524.6
10275,8.2
4222,487.0
17032,161.6
17204,83.8
2722,251.0
2948,372.8
16073,421.6
16791,306.2
2200,139.2
15433,93.0
14661,79.2
14062,10.2
8398,34.0
4892,548.0
11600,280.2
14553,426.6
6851,25.6
16669,30.0
9942,55.2
10008,12.4
4071,179.0
37,114.6
3193,83.8
7090,38.4
411,5.6
3981,357.6
8665,123.6
11347,39.4
12321,582.4
11438,477.8
370,40.0
7636,284.4
13350,360.2
6550,155.0
14287,241.0
14888,268.0
5904,175.6
7689,48.6
8473,111.6
12594,275.0
11329,27.4
16820,476.6
4248,226.8
11910,179.0
9083,360.2
6367,323.2
5804,16.2
16244,213.4
14456,307.4
11840,521.2
13507,194.0
7282,67.0
12062,698.4
10312,391.2
13026,182.8
2730,195.0
877,35.8
13922,273.8
6761,91.8
3305,282.6
5287,15.6
16993,259.2
10052,238.8
17045,83.8
1534,47.6
16729,385.2
15494,573.0
14905,36.6
282,6.2
13374,206.6
9665,271.6
2358,4.8
6302,26.2
9705,318.6
6965,256.0
15793,58.0
5241,181.0
6686,3.4
15804,520.8
13765,634.2
1259,103.6
6368,194.0
7650,79.0
6248,183.2
14178,231.2
7492,214.4
17018,127.6
8482,16.0
6869,472.6
8605,90.6
16548,37.0
14633,324.4
429,78.2
10901,527.2
13693,411.2
6115,142.8
15413,371.8
935,76.2
8969,347.0
12379,89.0
4877,10.4
786,4.4
7622,9.8
5970,14.2
1585,102.8
15706,516.4
9867,4.6
12285,35.2
6437,384.0
9342,4.2
4673,178.8
14158,69.0
6875,24.0
16673,348.8
4351,9.0
9363,9.8
10168,298.8
14776,429.0
7616,88.0
420,72.4
2593,50.6
14622,204.0
6905,361.4
15906,211.6
15438,230.2
9976,217.0
3739,330.2
5745,307.2
11508,540.6
7562,137.4
12210,216.8
4867,356.6
8453,105.6
16302,113.2
9932,213.4
7103,177.8
1254,100.4
12421,734.0
15496,301.2
3405,603.0
4251,47.8
3258,269.6
5841,143.0
14889,265.8
3544,160.2
15429,18.0
16837,29.6
17081,216.2
2904,215.6
14328,8.8
4066,249.4
15607,203.2
9413,6.6
10192,414.2
5633,65.2
3449,431.2
17122,20.0
176,119.8
5774,105.4
9523,364.2
595,27.4
10242,384.6
4123,382.6
7916,140.2
6153,115.2
11203,139.8
2946,365.6
15468,552.0
7683,365.6
3106,39.8
14347,168.4
8708,202.8
7586,267.2
7117,15.8
12053,388.0
13572,479.8
10510,40.2
16134,92.6
1201,8.8
12325,611.8
4615,13.2
15052,624.2
15829,565.0
8261,178.2
10097,579.8
790,39.2
5798,100.8
11694,179.6
11853,19.0
7225,191.2
3714,158.4
13566,191.8
5832,300.2
2541,475.4
9116,339.6
13551,551.6
1786,22.0
6413,480.8
3934,163.2
666,3.4
9387,25.8
5387,452.8
3006,4.2
4158,5.2
7953,68.8
14145,324.4
218,208.2
6385,220.0
10044,141.4
1467,79.2
15938,540.8
7503,39.0
2892,263.6
16478,62.8
8486,4.4
1795,149.4
14725,774.4
15250,146.8
12867,431.4
8279,167.0
5956,353.2
1687,51.8
8892,399.8
560,55.4
9334,131.4
4502,150.6
16633,375.8
1055,180.6
14646,221.4
7725,119.4
5436,193.6
9619,284.6
12495,447.0
3075,65.0
12500,123.6
14489,290.8
6179,21.0
4568,19.6
14458,305.8
14849,267.2
5419,262.4
11792,300.4
9569,117.4
3817,123.0
16012,149.8
275,74.4
3521,184.4
4405,151.4
5630,185.6
16960,194.0
12064,327.8
16835,16.0
6300,105.6
7803,316.0
15225,199.2
15078,212.0
13288,492.2
1330,106.4
16767,358.2
1782,77.8
14506,456.0
2748,282.8
11047,243.2
10237,210.6
6951,14.0
1002,135.8
14331,30.6
11927,6.4
7991,288.0
1701,89.8
14296,442.0
4178,87.4
16509,414.0
13743,507.4
12359,7.0
11661,78.8
997,1.6
5264,17.8
6859,412.6
5853,169.0
11037,27.8
11843,513.2
9793,90.6
15733,542.4
6755,52.8
7998,82.2
2759,283.6
14,184.6
16516,107.8
11471,24.4
9487,6.8
973,15.2
4313,317.2
2711,256.4
12991,490.0
14439,689.8
9498,283.0
1642,56.2
6339,261.2
15850,671.6
16177,244.4
11556,516.8
3404,562.8
14942,866.6
10025,329.6
14514,177.0
12423,506.4
2132,269.6
17363,75.6
1267,56.8
543,142.6
9837,122.6
15363,45.0
8414,14.6
5948,137.0
16930,11.6
11357,316.4
14573,393.6
7849,283.8
10892,90.0
3623,251.8
4091,476.2
1284,183.0
4067,454.4
4653,305.6
2648,14.4
1854,48.0
3857,212.2
8204,181.4
7741,14.2
10372,144.6
8929,177.0
8984,6.8
8074,15.0
1681,86.6
16919,473.8
15465,251.0
12036,359.2
11511,279.8
2010,136.0
14453,318.0
5325,311.4
14701,452.2
2385,78.2
219,102.2
10014,66.2
10587,63.0
16130,375.8
10070,135.6
6701,431.8
8064,58.4
532,99.8
14329,15.6
15177,705.6
9944,417.4
16015,67.8
1537,125.8
5096,18.4
5246,144.4
15889,518.0
3800,12.0
9462,19.8
14385,256.2
3062,177.2
5142,45.4
15916,307.6
7523,13.4
13943,8.8
322,64.2
6406,179.4
2619,76.0
508,2.0
14895,502.0
9633,27.4
16982,136.8
15427,160.4
10801,29.8
11916,473.0
6311,321.4
2935,9.8
11997,112.2
16261,94.8
1893,117.4
4634,184.2
7111,158.2
12800,257.2
7959,11.2
12033,206.4
7176,162.2
13053,24.0
16236,29.2
9300,118.4
5124,204.2
715,4.0
13690,469.8
7891,145.4
5737,176.6
9433,94.8
1852,110.0
10255,443.6
11926,19.8
16862,434.6
3635,108.0
9732,145.6
11707,119.4
11982,376.8
928,50.0
12275,335.0
5581,121.6
4206,7.0
1327,61.6
11198,379.8
3364,15.2
7582,167.2
8200,260.2
13529,228.8
10355,191.8
5702,28.4
14189,297.2
4654,347.6
11096,268.4
5046,10.4
12045,13.4
3391,14.0
9329,219.0
260,46.6
5035,224.2
2685,447.0
2445,257.6
10118,148.2
10684,92.4
16131,189.6
9906,318.6
14081,278.6
12603,481.6
796,96.4
627,42.2
7735,108.6
11161,9.8
11092,556.2
2085,362.4
9,19.6
10617,254.2
16691,22.8
14060,37.4
1576,4.2
6579,342.2
107,82.6
9524,409.2
3512,16.6
10694,274.8
6499,391.2
12764,68.0
2220,437.8
325,29.2
16054,222.0
8045,108.0
13345,13.4
10809,421.6
5674,260.2
10789,239.2
17097,11.2
8520,70.4
15785,242.0
6391,151.2
13186,429.2
3771,92.6
11634,210.0
16044,8.0
17313,8.2
2446,279.8
11561,281.6
6483,263.6
10072,297.4
10039,258.6
15319,307.8
12081,248.6
8072,74.6
15575,4.0
2340,72.0
2551,6.8
964,124.6
9023,102.8
16525,68.4
185,32.2
16739,38.2
16507,431.8
12134,644.0
4918,376.6
10027,272.2
10028,206.4
11482,587.8
9718,199.4
2302,223.4
12616,468.6
14011,168.4
17362,28.2
8476,59.8
15151,288.2
2997,456.0
3565,165.4
7905,25.0
16646,99.8
16870,344.4
7168,66.6
11444,60.2
6177,139.0
13608,14.2
13969,81.4
2717,7.8
14308,460.4
6954,110.4
11003,522.8
7490,339.8
14555,430.8
2978,98.4
16262,418.4
9480,63.6
7404,7.2
15477,24.6
14277,30.0
1857,3.6
3917,10.6
15515,612.2
4517,11.8
675,68.4
4751,310.8
3877,182.6
2133,361.2
3453,290.0
6682,104.0
1310,113.8
2303,232.0
13262,775.4
12160,305.6
8852,54.6
8207,159.0
17168,14.0
2883,27.2
4779,90.8
16227,257.6
16938,223.6
11864,197.6
13706,143.6
8187,351.8
5411,322.4
1206,104.2
17368,147.8
15252,334.0
994,5.0
725,115.8
1734,119.2
15873,419.8
8566,214.2
11765,444.4
2045,5.4
11219,227.2
15578,214.6
1712,34.2
5383,6.6
5258,146.2
15743,4.0
16939,190.0
8364,5.6
8812,68.8
6047,206.4
9877,170.4
14987,358.0
10127,56.8
1243,88.6
568,71.0
13791,674.6
17161,80.6
11985,553.8
10101,140.6
17240,5.6
7506,387.0
2911,7.4
16956,95.8
637,95.0
12670,81.0
885,183.0
3671,314.4
9507,12.4
13585,64.8
15510,402.0
7438,182.6
10307,383.6
14242,271.4
8302,398.6
15056,365.4
3112,221.2
14363,277.4
13541,304.8
6794,449.6
6620,183.4
6847,243.0
6180,13.0
16189,129.2
17194,4.4
4258,324.6
17354,44.8
126,56.6
15342,426.0
16361,138.0
2852,510.2
4027,295.4
6635,91.4
14920,335.8
17228,131.8
15029,303.4
6301,65.8
17070,32.8
1547,157.0
9246,13.0
553,11.6
8827,230.8
4155,25.4
1940,314.2
1154,67.6
15061,705.4
6012,11.8
14631,649.4
125,72.8
13888,425.6
2495,231.4
13870,14.2
13292,86.2
11102,629.2
7767,19.4
13654,51.6
12073,18.2
6590,5.4
3782,400.4
7565,156.0
1063,14.4
5528,39.8
2757,433.2
10744,645.8
9675,6.4
1746,100.8
17345,146.0
11553,257.2
8634,128.0
6898,43.8
16234,5.0
17305,87.0
6984,379.6
11777,256.6
7128,139.0
6082,123.8
15455,6.8
11541,21.4
7133,134.6
16616,9.4
3203,446.6
1357,210.8
16305,42.0
16659,170.6
6222,246.8
1493,84.6
12865,83.4
1234,80.0
1737,32.8
11668,218.6
5349,500.0
13556,39.8
7908,5.0
8152,24.6
144,36.4
14229,22.0
906,27.8
5069,15.0
14492,141.2
14974,19.8
6772,511.6
7422,175.6
11098,289.0
14398,7.8
10475,544.0
12815,24.8
12634,270.4
6750,296.6
13168,280.0
2189,9.0
338,225.2
6166,185.2
3844,15.8
6106,154.4
3350,144.4
10922,14.8
14156,130.0
9530,16.6
13296,19.6
3314,92.6
2003,130.4
8115,379.6
6160,21.8
3590,194.6
10182,215.4
5047,9.6
6249,127.2
6421,12.8
7080,132.8
4103,283.4
11610,262.2
7652,220.4
13601,375.0
8867,313.8
15737,247.4
4417,179.0
16277,161.4
9715,395.8
14163,90.2
10690,235.8
3443,125.0
4478,399.8
4064,35.6
617,31.4
7752,201.4
4402,326.8
6718,95.6
5868,76.0
4482,334.6
5486,333.2
14567,12.4
4950,25.2
3982,311.0
8721,8.6
11756,37.0
6148,375.0
16106,414.4
16008,392.0
11506,544.6
9792,121.6
2838,9.0
1641,71.0
15925,59.2
662,39.2
12281,289.0
5878,168.6
6444,85.6
8799,180.6
10059,3.2
3288,213.2
15476,61.4
10783,289.4
3684,288.0
10229,138.0
3427,281.4
14346,231.2
4948,72.6
3013,145.8
5471,233.8
9280,172.0
8725,349.4
10365,45.6
4983,355.6
8259,330.0
15896,45.4
6785,35.8
14164,199.6
15089,304.6
4359,198.4
15364,191.0
16952,9.6
6891,258.0
16500,10.0
4428,289.0
13950,217.6
11491,136.2
12382,12.2
11611,159.2
5217,93.2
10289,417.6
11087,3.2
192,1.6
1227,18.4
11891,251.4
12488,555.6
1066,3.0
9518,136.6
3911,316.4
11231,4.8
795,100.6
17243,141.8
13990,86.2
16625,228.2
9070,140.0
7191,23.0
14021,220.8
14855,49.2
8483,7.6
9326,192.8
7207,160.8
1810,3.8
3938,149.6
16109,126.0
5122,60.2
8880,194.4
628,60.6
6826,64.0
5251,318.0
10058,5.0
3798,53.0
12740,41.6
12882,185.8
11361,95.0
7463,397.8
14265,289.0
1190,64.6
3638,245.8
7173,178.2
8979,68.8
8707,116.8
6995,10.4
16332,9.4
15790,11.4
9908,172.4
1806,44.0
5557,162.8
8656,167.6
3713,153.8
7927,121.0
3763,375.8
3531,25.8
6558,380.6
6714,314.2
7220,168.4
14449,26.8
13906,251.6
10637,119.4
2090,144.6
16579,200.8
8192,73.0
16120,283.4
5371,238.0
7189,3.0
4447,13.4
8067,179.4
10512,5.8
16664,60.0
6221,368.0
12656,579.4
8128,35.6
5575,5.2
8330,183.0
12266,134.0
15599,7.4
11666,23.0
13653,78.2
327,15.8
7556,96.4
712,10.4
13881,252.0
3534,6.2
1283,161.8
7020,5.6
9887,52.2
3573,543.8
8913,42.0
6214,148.0
16865,145.6
11492,66.2
769,131.6
14779,174.0
11814,376.8
8835,76.0
7934,53.6
6993,54.8
12050,65.4
2173,86.8
1656,168.0
5706,13.4
6747,402.6
11570,157.4
13749,22.6
3528,230.4
10047,234.2
15696,14.2
8429,86.6
436,3.0
6019,486.4
7037,332.6
7596,7.2
640,36.2
10,52.0
1548,109.8
10018,99.8
860,38.8
12364,405.8
14628,418.4
12339,86.6
12583,239.2
3509,9.8
11352,5.4
14340,524.6
792,84.6
2425,108.2
5302,224.0
13847,50.4
14785,101.8
14903,6.8
5480,8.6
11601,308.4
9928,331.0
7659,283.0
15406,8.2
6063,11.2
10318,110.0
16715,21.0
16893,253.0
8489,76.0
17372,144.6
11660,114.0
8697,5.0
7682,182.8
7623,10.8
12563,139.8
2992,195.2
3262,407.6
16027,168.0
2692,13.2
6668,298.0
279,4.2
13746,240.2
6811,93.2
2141,10.8
4203,35.0
2752,263.4
1387,7.2
2562,184.6
12172,142.4
16429,44.8
2364,188.0
15684,645.6
14345,268.8
8203,154.0
16323,163.2
12997,389.6
3047,308.4
1295,19.4
2778,377.8
1383,72.4
11895,430.2
1316,8.2
15395,310.0
7773,209.8
9292,51.8
2848,186.0
9963,16.8
9690,274.4
15215,10.6
14467,163.0
16178,233.6
1938,172.4
11392,471.6
15119,8.8
10717,212.4
13519,420.2
12913,133.6
6427,416.4
4824,208.6
5985,187.4
8213,184.4
10906,179.0
14530,339.2
7349,296.8
15635,318.0
17183,80.4
10433,475.2
5923,175.0
13884,464.6
15227,313.2
6830,4.4
10317,143.0
2840,20.2
10302,49.6
7504,131.0
1722,225.0
5055,127.0
23,45.8
11378,184.8
501,42.8
5364,292.8
12224,227.8
10848,9.0
8637,153.0
917,210.0
12253,695.4
5179,315.4
4277,54.6
9398,142.0
10276,33.4
14029,439.0
5776,74.6
3274,54.0
11441,243.8
17,159.4
312,84.4
5639,185.8
7416,62.8
2990,153.8
12664,296.8
14643,448.4
8575,8.6
16258,6.2
9578,19.6
13121,330.2
5749,123.8
17374,138.0
823,150.6
9364,4.6
13899,413.0
100,147.0
15678,465.8
16535,325.8
12791,9.4
3806,413.8
8243,8.2
14745,306.8
14866,513.6
7617,84.2
10727,15.0
17048,5.4
14820,520.8
12477,85.2
6838,178.2
3823,10.6
12542,576.4
14831,44.2
15652,509.0
13721,290.0
3742,413.8
1132,55.8
12611,301.0
2361,23.4
12564,468.4
17121,5.4
12476,119.4
1332,156.4
16754,275.8
412,5.6
11232,4.4
15833,226.6
16062,136.6
3777,49.2
15200,641.2
12523,126.0
6654,237.2
12524,33.4
9472,316.6
3722,125.6
5660,101.4
17152,99.0
6056,177.2
6474,43.2
6695,217.0
6394,84.2
11641,12.2
12313,19.2
742,114.8
17245,156.4
92,41.6
5262,7.6
10377,172.8
9086,119.2
15939,468.2
7901,169.4
182,57.4
2294,201.8
13674,240.6
4487,229.0
2873,150.0
1419,189.4
206,71.8
14579,345.2
4174,424.0
11086,7.4
6330,196.2
13649,259.0
2204,226.2
8058,124.2
6844,539.4
9022,122.6
4438,356.8
11155,137.4
10611,108.2
4435,270.6
9399,171.6
9707,286.2
8962,8.2
7787,62.2
930,283.2
1989,221.2
10701,72.2
16113,13.2
9187,104.6
3685,121.8
451,126.0
3196,16.4
11220,363.2
2009,103.2
17282,47.2
6130,156.8
9913,11.4
2894,199.2
11044,454.6
10517,194.6
16360,407.8
5057,205.2
4199,270.2
6799,176.8
624,5.4
15707,483.6
14752,392.8
5524,16.8
691,4.4
17063,518.2
6743,226.4
7284,39.4
2295,255.2
5642,402.0
15110,825.0
9314,68.8
12147,88.0
16663,92.4
5593,151.2
8254,147.4
12102,228.6
14438,754.2
12276,505.0
1147,203.4
5274,235.4
8211,439.8
10050,420.4
3960,234.0
9694,234.8
11613,40.0
670,13.8
15143,9.2
2070,12.0
1469,316.4
16226,426.2
354,1.8
6817,406.8
1304,146.0
6655,178.8
16731,174.4
10937,249.0
15716,29.6
6880,82.4
13937,341.2
2486,125.2
12186,89.2
9921,321.2
7915,115.0
12460,451.8
12153,510.4
15920,29.6
14717,381.8
10091,192.8
6894,140.8
14293,618.8
807,29.8
13331,439.0
15624,13.2
9827,105.8
2409,77.4
4317,272.0
6344,218.4
12767,8.2
6729,100.8
10222,64.8
2937,19.2
17191,5.2
5538,209.6
15900,14.0
4325,47.2
4835,366.0
12780,392.0
15840,41.6
8680,182.8
13318,61.8
11872,266.2
2201,175.8
9007,13.8
17026,8.6
2399,208.2
12683,556.0
16692,196.2
7078,84.2
1433,48.2
16213,109.2
13074,240.2
11376,12.0
12486,390.8
11209,48.0
632,111.0
6137,18.8
8666,91.8
13843,183.8
17268,146.6
7534,150.6
16940,186.4
2185,154.0
1437,9.6
15883,62.0
14923,113.4
15165,100.4
12802,262.0
539,59.8
16145,324.2
9046,273.6
13228,521.4
8329,267.0
17111,459.8
7062,261.2
16046,161.2
13538,102.6
131,96.8
13914,221.6
13187,354.6
4749,424.2
12035,246.2
11192,405.0
523,28.8
13355,510.8
79,88.8
15302,747.0
6159,6.8
2366,124.4
6800,155.6
11334,238.6
3010,208.4
13917,31.6
2283,63.2
13705,25.8
11904,11.0
14540,94.6
9577,56.6
5916,20.2
14932,738.6
3515,334.0
5403,44.0
16787,37.8
8055,69.2
4787,145.8
14176,322.4
15121,63.4
9592,144.6
5345,204.2
3807,392.2
16,99.0
8137,282.4
527,3.0
7920,171.2
15654,272.0
4413,501.4
1455,71.8
1714,7.2
9754,446.8
12771,413.6
5389,172.4
13800,12.4
12485,286.2
1969,121.2
11576,234.8
11716,456.4
6195,221.2
7569,65.0
2017,114.8
14804,53.2
14510,446.6
3578,177.6
6704,165.8
7338,297.0
28,9.6
2984,13.0
15695,46.4
5717,208.2
1363,4.6
9131,45.6
17039,509.2
2641,48.2
708,84.6
8221,4.4
15630,249.4
16417,434.2
4605,419.0
13097,377.2
13713,227.2
11365,414.2
8335,58.8
4650,360.8
13059,401.6
220,68.4
2040,125.6
12748,512.0
3631,25.2
11439,445.6
11520,7.0
11486,234.2
7858,13.2
17107,234.2
15966,123.8
11122,339.2
6065,134.0
11371,80.2
2565,360.0
15588,440.8
13852,147.6
1532,2.2
4657,154.6
15762,139.0
6863,249.2
6331,364.4
15687,327.8
17286,9.2
17330,49.8
13002,238.2
453,73.0
510,21.4
2044,8.0
5361,161.2
10721,466.4
3239,277.4
6061,15.8
3155,280.6
480,29.2
6559,261.2
11621,342.2
12624,11.6
5554,443.2
6957,310.2
11229,21.0
16506,348.4
15287,9.2
8212,320.4
4701,476.8
7588,361.6
17060,262.8
8057,211.0
597,7.8
17357,5.2
3809,400.2
15983,553.2
14868,593.8
7516,422.0
4542,5.4
3725,5.2
9902,171.4
1472,122.2
2841,69.4
3212,474.4
3128,8.8
15086,742.8
12287,7.4
12239,5.4
2581,99.4
11920,413.2
14058,219.4
6985,404.8
15253,518.0
16038,107.8
2777,401.2
3901,155.8
15723,482.0
7757,92.8
10545,172.8
16722,231.2
6446,36.0
4073,163.8
13710,215.0
7434,150.4
13480,233.8
5591,289.4
4743,174.4
15763,114.6
12996,402.2
8756,140.4
9975,356.2
13836,548.2
8107,131.6
11252,41.4
2415,159.6
2435,44.0
8901,204.4
9821,21.4
12531,285.4
12569,327.0
17167,17.4
8709,262.4
6899,22.8
11956,637.4
14806,19.8
13860,437.4
9843,24.6
11530,187.4
1420,100.0
4896,241.4
15315,411.8
15704,603.6
4214,164.4
15130,336.0
16971,160.2
16165,30.8
2845,132.8
8352,188.4
2746,270.4
17065,415.8
16522,7.0
10552,632.2
728,126.0
3053,8.2
16914,200.0
9195,8.6
4241,190.6
1431,94.0
12904,515.0
4021,132.8
6601,249.8
5975,428.2
4554,133.8
5609,212.2
7706,90.4
1052,98.8
5407,6.6
2089,172.2
17202,85.6
5534,156.2
309,229.2
10883,224.6
13861,412.2
3632,23.4
12760,409.8
11181,37.4
14075,286.6
2269,72.2
11423,5.6
8930,92.4
16796,306.6
5911,232.2
6087,7.2
9409,127.8
2988,199.2
7754,164.4
15132,487.8
1625,6.2
8291,46.8
11464,299.8
1956,16.8
1928,30.6
6480,289.8
7243,179.8
7340,132.6
2167,9.0
11527,165.0
16484,499.8
11009,266.0
13088,338.8
12057,250.2
7489,327.2
14531,339.6
15145,76.2
3307,343.2
3077,20.0
8164,126.4
12671,48.6
5186,104.0
10920,3.6
67,47.8
13414,13.4
13539,369.8
7445,115.0
7449,65.8
575,10.0
1907,16.0
10838,518.6
9864,49.6
14420,48.2
40,116.4
15004,196.8
10638,246.0
12471,574.0
6468,40.0
8726,176.8
11023,215.0
9847,37.2
8314,79.2
4644,174.8
5115,90.6
8902,211.6
2408,38.4
15845,261.4
6584,158.2
13505,223.8
6771,420.0
8686,172.8
12469,668.8
3177,86.2
106,76.8
7770,420.8
9014,109.2
14732,37.2
9558,11.4
7635,318.4
7789,15.8
2274,246.4
11962,288.2
2733,386.0
15282,188.6
10683,20.2
11793,310.4
12474,262.4
103,53.6
7726,166.2
463,119.2
16369,516.6
14871,410.8
10598,453.4
9111,166.8
1202,3.4
9439,8.4
11651,305.2
2135,160.8
10111,402.4
16596,161.4
3784,437.0
10706,22.0
10215,235.0
10755,44.2
7816,14.6
5616,202.4
12738,167.4
7733,260.8
3922,229.4
15201,670.0
13493,244.4
4532,675.0
6974,8.8
3481,143.4
3240,211.0
13609,31.6
6776,160.8
10777,6.0
7759,81.8
11894,698.4
16346,218.2
6775,228.8
1957,46.4
17117,86.6
1067,1.4
3951,397.0
9452,433.2
12918,169.6
6839,232.8
387,86.8
16725,289.2
857,2.6
7047,56.8
11907,379.4
2931,91.2
9645,134.2
6279,13.0
4754,127.0
15460,554.8
13219,163.4
7996,124.2
12673,12.6
9573,120.8
2798,313.2
14851,212.4
13066,247.6
9795,47.8
9568,126.0
13758,255.8
1605,66.2
7442,242.0
1070,151.2
1837,53.6
3762,216.0
2012,162.4
87,162.2
15791,10.4
1635,280.0
8538,53.8
10558,33.8
15218,181.4
918,132.4
9485,34.8
13221,16.0
6658,54.8
8700,188.0
9140,140.4
13610,225.8
2288,8.0
127,87.0
14822,804.0
6819,373.0
16736,7.0
16810,10.6
2468,462.6
1016,35.4
5755,26.4
10199,17.2
5401,157.0
10865,312.6
14212,420.0
717,13.6
13892,44.4
5367,213.2
11587,106.2
9034,143.0
6326,9.8
3789,288.8
11735,5.4
17370,164.6
5117,55.6
7370,309.8
7717,4.2
11300,108.8
1542,82.2
3553,187.8
16479,159.4
758,41.8
15411,402.2
13132,461.8
12794,162.0
12585,287.0
12196,180.6
1575,9.2
10408,717.0
16642,12.0
549,9.8
9055,10.8
12143,21.6
9982,69.0
10557,107.4
12468,433.0
7704,44.8
11629,756.6
1238,125.8
14823,530.4
8012,130.8
6572,273.8
10799,73.8
16708,94.0
6942,206.2
13271,10.8
9547,395.8
4658,86.6
14430,212.4
12396,494.0
189,11.4
6109,62.0
16881,11.8
7469,217.8
4440,175.0
9079,5.8
9179,342.8
2119,22.0
12084,280.4
15258,139.6
7447,84.8
15800,266.0
4401,161.8
14252,43.6
5787,441.0
10042,138.6
5029,151.4
1818,81.0
15071,8.2
6719,103.6
9237,321.2
168,4.0
9215,194.4
6801,145.4
7645,54.0
9940,6.0
10767,627.0
8494,122.0
12610,295.0
6808,7.4
16349,92.6
16647,196.8
14590,11.8
205,45.8
14722,291.6
8593,142.0
14674,634.6
10582,44.2
2191,3.0
4412,463.0
15855,274.2
5813,355.0
1883,14.2
17034,231.2
9526,234.8
6050,190.0
6304,5.6
12890,219.4
5614,382.0
12140,114.4
17208,64.0
2776,508.6
2,21.4
15499,130.6
2065,79.8
10012,8.2
11421,13.6
11683,122.8
10043,119.4
3814,308.4
9385,102.6
9934,102.0
7317,334.2
11857,12.0
6384,212.2
13362,178.0
4902,7.6
16411,212.0
5499,25.2
16684,70.0
7993,283.4
14756,34.4
364,116.4
1584,157.4
257,8.0
2313,89.8
16040,19.8
8032,253.8
4635,147.4
6822,252.2
2098,16.6
16589,129.8
5422,500.6
15801,263.8
12770,135.8
677,65.8
397,54.4
14960,297.6
2783,211.8
5354,99.4
3994,87.2
13075,123.8
10616,236.8
15160,402.4
14642,125.2
1271,19.8
3697,138.8
14260,483.6
6672,382.2
10179,2.2
2213,21.6
7922,352.4
11288,288.6
14592,8.4
14977,53.6
6140,209.0
3276,218.6
16465,466.4
12272,297.4
14234,125.8
8949,345.8
42,112.8
4791,312.8
15778,294.2
8271,131.4
16979,10.0
1682,119.0
11436,347.2
8004,5.8
16490,202.8
1104,271.0
16716,166.6
12536,241.8
11918,717.8
1998,5.2
5580,204.2
767,151.8
2584,81.0
7502,6.0
2300,326.4
13330,390.0
6624,503.0
7952,92.8
17340,75.4
13448,252.4
15214,6.2
9878,124.0
15424,301.6
2525,6.6
15943,107.8
14394,200.4
6307,70.0
2809,121.0
11079,385.8
6021,157.0
12606,252.0
3773,62.8
8103,105.8
6881,152.0
4971,147.4
6805,60.8
1014,57.2
4308,165.8
4952,14.4
4040,16.0
11816,523.2
4098,271.4
14196,357.0
14041,54.8
5964,118.2
1165,36.0
11057,407.0
17321,122.2
1011,220.0
3588,260.6
2738,98.2
487,22.0
12000,11.8
13915,165.4
8250,266.6
8462,5.0
14541,67.2
11246,520.8
3279,427.6
1336,30.8
16352,12.4
13818,263.2
9522,241.8
12076,639.0
116,5.2
16962,223.6
10819,135.0
5535,205.8
15742,14.4
934,123.6
8730,81.0
13269,22.6
14536,287.8
9421,132.6
3037,164.8
10851,122.0
7914,321.0
1867,89.2
10918,28.6
8590,232.2
10730,11.2
317,97.8
16594,12.6
6044,233.0
15082,297.8
12375,521.6
12446,727.6
1282,189.6
14691,79.8
3703,9.8
7687,134.8
9892,11.0
16631,469.0
1145,140.0
10053,160.2
6509,427.8
9978,214.2
16636,127.4
8796,7.2
6554,217.6
3986,109.8
13859,548.0
4806,33.4
13176,15.2
561,56.4
11349,14.4
8757,176.4
5253,573.4
11990,461.6
11070,231.8
14734,7.2
10060,32.6
15950,150.6
10173,119.0
15391,335.4
13560,14.8
10682,3.8
7244,130.4
13156,139.6
16400,18.8
13617,257.6
7104,228.6
2629,296.0
11882,42.6
2909,17.0
12512,574.0
16205,152.8
15633,274.0
10279,333.0
11269,579.4
2800,340.6
13435,182.4
6528,211.0
4708,17.6
3235,261.8
2108,372.8
6721,100.4
16966,354.6
12545,262.8
10212,210.8
980,139.6
15705,560.8
5771,158.0
8092,287.0
8519,109.0
8347,135.2
9646,94.8
16283,10.8
16307,9.6
14429,294.2
4378,363.4
1209,88.4
5880,68.0
14702,479.2
6188,124.4
13456,434.2
346,39.8
13293,32.2
13356,424.8
4946,148.4
15852,527.4
1624,13.8
14724,417.2
4889,184.8
5576,37.6
7924,287.0
3811,306.2
228,152.0
4075,290.0
414,67.0
7388,168.4
14736,14.2
6659,43.0
3142,239.0
13035,416.6
11099,322.2
16389,227.8
8597,35.2
2511,151.8
13867,94.4
8659,289.2
14746,269.0
7777,259.0
15693,104.4
10525,201.8
15097,130.4
5020,18.6
6113,33.6
3245,14.6
15608,346.0
11615,7.2
2170,71.0
566,136.2
14204,34.6
2521,120.2
11978,54.0
11819,569.6
11510,454.8
13096,445.8
7286,9.8
10603,247.6
6259,160.0
16986,455.8
14312,295.0
6244,346.6
14211,283.8
10850,17.0
6953,48.8
6878,3.2
4586,128.4
12449,337.8
5705,5.8
6791,435.2
12418,257.2
4676,485.2
10023,177.4
14877,22.6
7935,105.8
15853,607.2
7231,147.4
15680,618.2
13164,376.4
5099,372.6
5883,96.2
4230,11.0
4637,89.6
5513,183.6
16970,205.6
15079,258.0
10236,193.8
5743,564.0
12233,176.6
15689,217.0
14418,236.0
8495,114.6
4839,175.0
8724,144.2
12162,238.8
15311,7.4
2665,106.4
16584,516.8
1334,91.4
13664,489.2
2527,4.4
10536,5.0
6789,275.2
2993,179.6
12836,151.8
9886,102.2
3937,183.6
4598,144.6
4818,314.6
137,32.8
11310,460.6
8833,91.2
14657,304.6
1121,109.2
7064,114.2
27,22.2
8702,246.6
3415,7.4
15837,106.4
8386,10.0
11029,279.6
7102,209.6
4566,6.8
492,229.0
5530,370.0
13862,289.8
10704,3.6
6415,232.4
4830,5.2
16319,477.4
13874,156.8
7259,13.4
5926,152.6
10579,253.4
15149,310.2
12197,256.6
2956,57.8
15911,330.8
4684,34.2
2414,273.0
13731,428.8
15435,542.4
9862,90.8
13019,484.2
1141,13.0
5590,417.6
1249,1.6
5882,78.6
4887,187.0
3848,36.4
2140,23.6
950,4.2
5438,190.6
1137,22.2
10971,25.4
8488,65.0
12174,334.0
11675,375.8
8771,80.0
11262,161.4
3991,12.4
5836,346.8
6994,18.2
10041,205.6
14473,56.8
10403,220.2
10413,72.2
15725,407.4
15600,14.8
9664,224.8
8775,131.0
10729,3.2
6607,206.6
5415,183.8
4788,184.2
13426,213.2
1917,113.0
4035,37.8
5529,144.4
518,90.6
7796,174.2
4133,87.4
3883,406.4
10509,51.0
5611,292.2
13780,511.6
16290,251.6
16875,135.8
1035,136.8
13085,333.4
6025,164.8
7811,66.0
17190,10.4
13430,741.0
14499,76.6
16826,208.6
15403,91.6
511,41.6
1684,194.6
4581,616.0
13875,187.6
12516,539.4
11185,12.0
15795,454.0
10711,246.6
13266,301.0
15324,471.2
5907,145.6
16943,495.2
1345,189.4
16526,339.6
15941,195.4
1026,84.0
2694,7.4
229,90.8
9107,388.0
10518,426.8
10928,175.6
7668,6.0
15049,58.8
945,36.2
7144,14.0
15727,235.2
11368,206.8
9375,154.2
1021,12.4
4764,194.2
5056,248.2
2912,55.8
10197,123.6
14794,293.8
4693,153.2
12245,247.4
5821,55.6
13793,299.8
1333,135.8
4663,9.2
7011,563.4
4229,13.0
12344,577.8
7278,174.2
12986,55.2
3701,10.2
10411,260.2
11257,14.8
519,71.4
10703,11.2
16591,29.6
12678,318.8
1359,79.0
5823,47.0
6454,90.2
16576,454.4
2039,165.6
8515,98.2
8416,162.2
10158,30.0
10029,160.2
12521,294.2
12227,270.8
1494,91.4
8354,375.6
3446,360.6
1770,97.0
9761,142.4
13198,28.2
4309,286.6
11740,460.8
16795,253.0
9667,199.8
1945,130.2
1922,77.2
4736,68.6
15542,403.6
4157,5.6
8502,33.6
9476,100.6
6182,6.0
17296,190.2
13163,399.0
17041,455.4
14350,88.2
10836,525.6
15634,264.8
17312,7.0
1529,6.0
10829,54.2
3140,306.2
7192,92.6
2068,18.8
10016,354.8
12674,29.4
15808,373.4
15191,36.0
5384,46.0
6178,97.4
3036,277.0
4385,170.8
2357,6.4
7792,14.0
7140,45.8
1291,45.8
12642,262.4
10948,342.8
16428,23.6
11516,24.0
14981,380.8
2207,297.4
3605,64.4
9901,183.6
1742,57.2
6723,252.8
8574,17.8
6950,14.4
10198,40.0
17226,127.8
8447,216.4
3394,338.0
4475,117.2
15649,22.4
11802,236.8
16601,196.6
379,6.8
12079,219.4
14748,574.0
3222,5.2
6274,148.0
14914,74.2
9261,367.6
8173,7.6
7964,274.8
16368,490.6
15015,402.2
15012,574.4
4981,276.4
521,45.8
10895,7.0
7260,7.8
3202,228.8
14660,144.0
15450,158.8
3243,43.6
15148,722.4
6724,258.0
8404,185.2
1246,11.0
7281,78.8
10602,416.4
1912,133.6
13652,136.4
6540,17.6
9114,157.8
2520,149.2
10456,258.2
862,164.2
5038,461.2
7379,11.6
13304,295.8
12961,53.8
2322,200.0
11664,14.4
8613,225.2
5169,176.2
3390,6.6
14059,120.8
5645,374.2
12284,79.0
4360,165.0
1421,122.2
6513,83.2
3038,122.0
234,4.6
1634,328.0
3648,182.8
2656,162.8
1394,190.4
12065,244.8
4893,557.0
14403,432.2
12016,308.4
10284,234.2
1805,66.8
7341,130.0
880,4.4
10520,212.4
16622,505.2
14106,240.0
13742,793.2
2799,380.0
16954,11.4
15222,200.2
11723,167.8
6546,278.0
14464,415.4
5150,333.2
9412,11.0
13499,292.6
11776,390.2
9163,227.2
9001,70.2
181,60.4
2285,50.8
12204,364.0
11944,393.8
8854,129.8
15846,426.0
5783,215.6
1686,106.4
9213,384.2
16097,185.6
10113,159.0
2239,7.4
3439,8.2
6510,401.4
7995,167.2
269,86.2
7646,7.6
15445,742.0
642,33.4
7600,108.2
11048,228.6
9178,176.6
13902,268.2
3065,181.2
13101,39.8
8718,4.2
7615,120.2
6369,132.4
13658,45.6
16084,289.0
123,197.0
671,50.0
7587,449.6
9803,136.8
555,108.0
14906,179.2
5113,209.4
11490,164.8
4473,31.4
9393,202.2
10963,152.0
12914,253.2
4363,250.0
4439,310.0
7536,156.4
8052,4.4
6423,6.4
11713,21.0
6647,363.8
13540,591.4
15929,347.6
5583,157.4
1495,131.4
14206,10.4
4128,240.8
3503,265.4
15811,162.8
8367,72.0
6014,5.4
444,109.8
14901,13.6
14665,22.0
2450,82.8
14614,12.6
6938,420.0
12228,434.0
13522,524.8
13616,246.8
5111,298.2
3158,157.0
1160,16.6
10447,252.8
2147,209.8
11305,11.8
392,56.0
17131,209.2
9102,6.4
10771,247.6
8885,15.2
2166,13.4
11226,132.4
9563,209.2
9909,129.8
16123,319.8
9933,169.2
16703,569.8
4256,40.8
1640,72.2
13699,108.8
10337,267.6
16529,171.0
14337,405.4
214,2.0
16285,140.8
3455,249.6
12830,418.8
16624,171.6
11980,231.2
579,92.8
58,71.2
9043,310.6
3593,235.6
1807,29.0
15640,373.4
10452,156.8
14842,642.4
16328,68.4
12211,162.4
10200,8.2
307,33.0
1290,50.2
10843,139.6
15182,540.0
2297,448.0
9074,54.0
12124,383.2
11796,510.4
11397,14.8
6556,668.0
2437,199.8
540,62.2
10710,498.2
14190,354.8
10916,87.4
1323,124.8
14357,223.6
6226,113.0
10216,512.6
16671,167.0
9515,185.4
6320,161.6
3250,346.6
16287,505.2
15404,33.0
1796,182.2
9926,175.6
8599,9.6
5137,155.6
2691,25.6
16510,412.8
16763,64.2
15001,18.4
15878,119.4
13008,14.0
9852,188.0
9422,113.0
11699,246.2
2442,195.8
5374,508.6
12489,596.2
6619,141.0
4131,110.6
11875,123.0
6519,13.6
15536,603.6
13856,451.2
13508,154.4
16793,179.4
14754,228.4
15745,65.2
1535,122.6
12613,741.2
13305,318.8
14612,39.0
17298,234.8
1700,72.0
11137,9.8
11046,395.8
190,2.0
11961,291.0
7033,209.8
3138,375.8
7200,170.2
6201,118.8
13934,777.4
16380,43.0
4387,251.6
14170,547.4
9655,3.4
9873,248.0
77,182.6
4001,188.8
14454,230.8
10802,7.4
7027,203.0
10565,270.0
9992,50.2
7521,76.4
11325,82.2
7084,349.8
9184,74.2
14447,6.8
1879,9.4
2829,474.4
3458,185.0
12652,227.2
14542,52.4
2094,40.0
4509,594.8
10395,44.8
9722,15.8
5457,25.2
8365,7.8
4125,350.2
13478,650.2
2417,221.6
10434,296.0
13204,442.8
7271,251.8
4958,343.2
4301,102.6
16387,234.0
11196,427.2
9157,118.4
7595,21.0
2284,77.2
2558,128.6
441,126.6
14988,590.4
2939,114.2
12752,206.4
14419,157.0
10244,235.0
2002,49.2
12142,49.8
10897,7.2
4504,161.8
10560,8.8
12916,638.0
17142,28.8
7571,11.8
11513,212.2
5379,28.4
16654,440.6
12769,66.0
13973,383.8
7979,34.2
8000,48.2
7769,142.0
1464,13.0
8150,5.4
11206,9.8
11149,491.0
3619,380.4
12940,545.8
2406,10.6
16384,226.4
711,29.8
2325,360.8
13638,232.6
8268,8.8
13162,354.4
7376,95.0
5838,306.4
11798,692.0
175,225.2
169,4.0
10496,235.0
4583,321.6
6146,364.2
15422,680.2
15304,375.2
11107,136.0
16348,108.4
16751,451.2
5335,10.4
9198,3.2
13193,227.0
8229,130.0
455,27.2
8553,6.2
15812,67.0
4398,6.2
9572,169.4
1515,87.6
2813,7.4
12887,5.8
13908,400.2
505,11.2
9557,3.2
11673,448.6
13913,292.6
8808,151.8
16621,203.4
15045,32.0
13393,34.0
12403,110.6
4069,122.2
3554,125.6
933,131.6
9915,5.0
7873,90.4
13720,389.6
10439,16.2
16493,150.4
1050,106.2
9024,81.4
5571,39.2
2177,80.6
3626,197.6
2842,208.4
6862,132.6
7026,471.4
5564,522.8
5369,182.4
17128,150.2
6414,351.2
1124,227.0
7598,5.8
16176,327.0
11443,187.8
349,32.6
5792,392.4
14943,590.0
4059,40.0
7448,89.2
14162,22.8
2576,25.8
15931,170.0
5024,42.2
12112,289.6
11250,159.6
10109,71.6
12072,4.4
9306,261.2
14798,769.8
16237,185.8
4055,312.2
17346,145.4
2512,100.6
16330,26.8
16031,299.8
11116,498.2
6316,401.8
4864,163.0
12042,129.2
4365,513.2
3766,425.8
11433,184.0
3092,238.8
15199,595.8
259,14.6
12931,191.8
3183,156.8
14213,311.4
11290,355.8
7151,368.6
14068,401.6
8395,120.2
14829,114.8
3298,35.2
4353,101.4
16172,501.8
8362,12.6
6788,183.4
509,13.0
3948,244.8
3892,26.0
15864,26.0
9861,100.6
7805,159.4
15299,423.4
10401,198.0
12332,130.0
11197,518.2
6128,160.2
13639,241.8
9673,37.2
9987,34.8
15087,632.2
1665,42.6
17355,41.8
11572,452.2
676,56.8
17364,107.6
1404,184.2
5605,158.4
2643,18.2
17073,5.8
3916,28.0
3910,456.6
11951,12.8
5815,383.0
10946,34.6
11280,7.2
128,68.6
15653,272.2
13334,461.8
17300,248.2
1424,118.0
7554,188.4
5850,43.2
1314,72.6
6733,6.2
11775,546.0
16565,136.8
16931,51.6
5221,150.0
2793,20.6
10954,359.6
8464,23.4
3555,48.6
5282,168.4
12012,565.0
11928,14.6
7750,192.8
16676,424.6
3217,110.2
14144,311.6
15569,247.4
9136,233.8
14266,260.4
8546,77.0
6134,38.0
8428,188.6
6093,152.6
4825,145.0
15522,204.2
9639,255.4
13034,222.2
2057,62.8
10553,421.6
669,2.4
8324,223.6
12665,252.4
5497,121.8
9609,285.6
11785,51.0
15210,131.2
9532,4.6
8285,169.6
2895,242.4
10248,24.4
844,73.0
5854,175.2
12187,52.0
10997,92.6
1120,75.8
15960,422.4
2743,7.2
15589,802.4
8024,100.4
7654,329.2
16492,152.8
3165,273.4
13777,88.6
9601,67.8
4912,213.0
9120,139.0
11234,228.6
13778,300.0
11318,493.8
12710,576.4
13632,7.8
541,112.6
14414,744.0
6260,105.4
845,58.0
11992,301.2
5329,111.0
2405,19.6
7431,33.4
2309,14.6
11479,392.6
2677,117.2
10145,346.2
5,6.0
856,5.8
11159,46.8
6123,351.2
2376,189.6
8339,5.4
12552,6.2
5279,300.2
1889,108.0
13291,159.4
13893,14.4
318,160.4
13279,251.8
11338,145.8
17046,33.0
7535,69.8
12958,15.8
4038,7.8
11555,261.4
5040,232.8
7558,53.6
16020,20.4
5392,215.6
7283,50.8
6991,130.0
8585,145.6
4525,160.4
10033,7.0
10304,107.6
6780,85.6
12048,5.4
13995,89.8
10375,329.0
17222,89.8
11953,55.8
8873,164.0
6873,143.2
16248,535.4
3024,201.0
4494,5.4
5655,19.4
1266,67.0
1702,103.2
8085,152.2
3253,199.2
7846,169.0
10580,186.2
14436,470.2
8317,14.8
3432,189.2
8810,105.6
12193,11.4
10357,201.8
7850,436.2
8373,139.0
16828,152.6
9250,226.6
454,32.8
11408,249.2
1875,46.0
255,31.0
953,16.6
9200,30.4
10987,235.2
9442,285.6
552,8.2
4608,206.0
2535,165.6
9630,7.0
13535,14.2
57,57.2
11960,299.0
8472,143.0
4333,291.6
7228,420.2
6064,96.4
1647,1.6
11741,290.4
210,6.0
13214,775.8
2368,128.4
2112,196.8
439,109.6
14169,568.6
2281,74.0
9391,10.8
17024,11.0
817,127.8
6879,20.8
1855,14.4
5017,162.4
6403,484.6
8506,8.6
11548,431.2
11809,14.6
9330,265.2
12844,150.2
9830,253.4
4617,40.8
10919,9.2
16373,114.0
6303,6.8
10103,44.6
10780,74.2
9753,235.4
13289,323.2
115,44.8
13240,430.2
12535,152.8
5323,337.4
8985,7.2
7279,120.8
4885,146.4
2713,88.0
15452,46.0
2217,24.8
16229,140.4
17365,117.8
8007,35.2
11326,55.0
878,12.0
12899,290.0
15384,21.4
13752,16.2
15513,583.6
15893,167.4
16455,370.6
15818,184.6
9636,126.4
5722,322.6
4014,6.2
7560,176.6
5682,11.0
16435,204.0
11061,28.4
13545,264.2
5997,140.2
2856,184.2
9386,63.4
2237,22.0
10311,379.8
15571,122.0
5270,197.8
13628,70.8
8059,71.8
10798,99.0
12141,84.6
16475,9.6
11854,6.6
16385,192.6
5515,337.2
15377,124.0
6977,40.2
9679,26.6
9328,293.4
10923,77.6
15104,342.2
1352,82.4
9321,7.6
1392,71.4
7541,299.4
11847,380.0
11470,58.0
16928,8.2
8446,172.4
5544,233.0
3002,70.8
5443,334.8
11790,259.2
1508,1.4
11420,51.6
3741,543.8
6871,238.6
4989,299.2
14271,587.4
5643,370.0
14217,258.2
6103,256.2
761,2.6
16804,135.2
12215,5.8
4135,10.6
8303,289.8
6432,242.4
13912,390.4
681,67.6
6921,101.4
3317,8.0
12494,481.2
12766,13.4
4242,158.6
5893,17.2
16688,8.4
15564,446.4
11806,63.6
15448,454.8
11554,243.6
3293,53.0
12775,207.2
2298,388.4
8144,79.6
932,86.6
8214,127.0
1197,65.0
7641,103.4
3533,10.2
5394,208.2
8050,16.6
5974,269.8
11483,521.4
7424,105.2
5521,183.8
11385,255.6
7209,98.4
17255,90.4
12230,677.8
10253,80.4
2716,28.2
1236,75.6
9984,65.6
15257,250.2
15772,530.2
15245,123.0
13696,340.8
2812,22.6
16064,22.2
15303,547.6
9772,9.0
4661,10.2
14771,347.2
2597,23.2
13149,78.2
32,10.6
384,98.4
16723,258.6
251,121.0
7810,90.4
10458,154.4
13661,215.0
8296,59.2
7158,120.8
15202,633.8
3718,434.4
811,3.0
6663,14.2
1242,127.2
9082,199.2
3821,9.8
7055,102.6
15493,711.4
6294,265.6
11689,50.0
2205,525.0
8668,50.8
8252,124.8
12398,715.8
10211,213.0
14475,277.6
4977,32.0
12087,339.2
1704,107.4
8705,129.8
9637,213.6
6739,170.8
1436,17.0
3082,234.8
11031,629.6
12139,190.4
10781,285.6
12881,245.4
8002,8.0
4588,42.0
10364,165.4
1232,80.2
8733,145.2
7904,66.8
8345,301.8
4213,249.4
2620,41.0
7359,23.0
2328,160.4
5209,161.8
16033,486.0
2750,196.2
17214,13.0
9064,140.0
1459,42.0
6112,9.2
9872,466.8
5435,359.8
17285,17.8
12440,300.8
4974,33.4
13876,506.4
15509,242.6
8401,87.4
3757,170.6
4527,162.4
3513,116.2
12280,444.8
7746,79.0
10288,445.6
1343,9.6
7584,147.4
7788,42.2
1659,139.4
820,173.6
340,106.2
4522,288.4
2088,202.8
3717,571.8
2827,253.2
3897,134.8
4599,216.8
3497,360.2
4543,11.6
1731,264.8
11493,82.2
6642,64.2
13329,430.0
5181,591.4
2836,16.8
10702,17.8
13076,58.0
688,26.6
9650,51.8
11422,7.8
53,99.8
10011,2.0
4957,275.8
1719,72.6
6493,4.8
6544,53.0
15758,610.4
11400,7.2
4530,178.6
3793,211.0
12684,599.6
10166,397.4
11341,298.8
5214,6.2
320,106.2
9220,10.4
14290,305.6
7823,371.8
11111,5.6
13079,26.6
15289,45.0
14122,289.2
6026,255.6
11603,323.4
3585,84.6
7798,373.0
1192,99.4
5649,319.0
14689,9.6
5780,30.8
10868,80.2
6257,135.8
12123,368.6
2020,21.8
1707,168.0
3079,9.4
8946,140.8
2168,8.0
8091,318.2
313,106.6
11474,25.4
3285,410.0
7711,149.6
5920,10.6
10554,277.8
7599,20.2
8714,122.8
4651,356.0
13712,270.2
13726,12.0
9698,11.2
4625,337.8
17036,232.2
8080,251.6
1761,36.8
12886,10.6
13689,430.4
14237,326.2
17084,200.4
8467,125.4
16542,96.2
6944,135.4
2763,39.4
4548,247.0
8749,253.0
12070,9.0
5888,297.6
13986,263.2
612,152.4
16381,89.8
11599,251.4
7482,78.6
3933,392.2
7367,192.4
9734,159.0
3085,177.4
1418,234.8
2587,63.4
3319,7.4
16769,164.4
16004,464.8
10733,357.8
3315,21.6
12868,470.8
10790,240.6
8307,233.0
13620,385.6
10239,367.2
11042,19.6
827,60.6
16604,195.0
13451,280.4
5112,208.6
13446,172.4
9191,104.4
727,102.2
4678,464.0
12385,15.6
452,128.6
6765,124.4
2599,6.6
11535,381.0
5475,113.0
7783,141.4
15824,333.4
9973,323.6
14415,579.2
1629,79.4
2947,475.4
4188,202.2
12540,441.0
16414,269.2
13307,399.4
3367,4.8
15760,351.6
421,79.8
17256,46.0
14433,316.8
8754,130.2
11529,268.0
15251,188.6
8611,187.4
884,91.2
14975,9.0
2543,262.2
16105,571.8
13170,195.2
15449,249.2
13597,669.0
16858,10.0
13851,56.0
7813,23.6
14961,277.2
15631,281.4
11999,36.2
601,36.4
7264,152.2
13773,23.0
1963,261.6
5744,581.0
10369,3.6
16451,8.8
1517,75.0
8683,194.2
3402,226.2
4323,82.2
2439,219.0
2047,10.4
13140,404.2
11103,446.2
16936,189.4
6665,87.0
11225,296.8
7568,75.2
11655,464.0
13303,239.8
6356,239.2
8295,24.4
9958,116.2
10329,203.4
16806,100.2
5145,16.4
9618,184.2
6491,18.4
15993,68.4
10636,28.0
564,99.4
4966,344.0
10936,446.2
2042,46.6
10621,363.2
2137,73.8
5215,11.6
9075,12.4
16927,18.6
14019,71.2
729,201.8
2971,343.2
12906,203.2
2526,8.2
7579,179.8
648,13.8
74,11.8
13996,133.0
7044,8.2
4187,436.2
1113,19.8
3875,448.0
14138,181.4
8848,80.2
11314,572.0
10734,530.2
12893,355.6
10126,103.6
14435,330.2
8039,70.2
446,80.2
9208,144.0
14172,548.2
4382,153.0
836,47.4
5366,157.2
10630,92.8
6521,99.4
9239,195.2
7932,8.8
13260,491.2
1174,69.8
14140,579.6
15914,660.0
13590,210.8
442,75.2
5481,16.4
11450,188.8
6486,135.8
7468,307.0
2513,101.6
1325,74.0
17047,23.2
8076,5.0
8766,12.2
12920,250.2
11733,19.0
9615,140.4
8604,38.2
12463,243.2
7619,50.8
5617,185.6
3353,180.2
13579,175.6
2676,269.0
2427,39.4
2122,13.2
15336,27.6
6514,77.0
4538,141.2
7966,359.6
17220,70.6
4140,219.6
2041,76.8
8667,73.0
13715,267.8
4802,172.2
6243,195.0
12038,531.0
11531,198.2
5961,207.4
12626,211.0
457,9.2
407,39.4
8499,40.6
9319,22.2
9757,98.0
8178,188.2
8154,151.0
17116,94.8
9514,354.8
11901,19.4
1340,2.2
10983,460.0
2660,401.2
16228,174.6
9656,6.6
14917,417.0
6641,20.0
12255,579.8
13821,98.4
12644,113.4
7954,55.0
16271,361.8
5664,146.8
7661,134.4
1862,231.0
3693,600.4
7293,290.0
8578,10.2
476,76.2
11065,40.6
5778,12.8
741,46.0
2456,5.6
7986,151.0
2255,121.4
14927,7.2
14892,439.6
14497,17.4
5619,100.8
9905,437.8
9918,132.0
16412,203.0
14281,26.2
45,48.2
4427,347.0
1045,42.0
11638,61.8
9623,117.2
6952,35.8
3660,271.0
8145,72.6
15775,277.0
2149,160.2
11604,405.0
15501,120.6
6268,414.8
8747,98.6
13197,20.2
7294,320.8
7583,159.2
13602,294.2
5405,10.8
2902,357.6
16803,156.0
1371,149.2
1089,10.4
13487,28.4
17351,51.8
9059,401.0
16942,339.6
1095,170.8
12021,15.8
14270,744.8
12658,600.8
2808,167.8
179,86.4
8224,295.0
15183,372.4
8407,54.0
4259,426.6
10506,184.4
673,208.2
6119,282.2
12244,460.8
15466,270.6
7957,6.2
4486,306.8
2508,184.4
15347,635.6
15614,711.8
10837,510.0
5243,386.4
7049,233.2
16583,375.6
551,2.8
8450,210.2
15410,196.6
960,180.2
5494,233.0
15726,200.2
9709,129.6
12635,343.8
5910,305.0
674,107.2
2699,351.2
14455,272.0
13411,148.2
1275,6.6
4171,246.0
4388,475.0
12829,459.8
16738,12.6
926,9.0
11167,448.4
718,32.4
4913,159.2
15961,452.6
14487,492.4
12133,698.2
8369,492.6
2876,474.4
5190,7.2
8190,136.4
10994,11.0
4099,350.0
14000,600.0
14817,332.0
6688,19.0
1027,75.2
1557,55.2
12049,13.2
17320,133.6
14603,374.4
16202,365.0
9192,100.6
14325,87.2
9368,35.0
9542,150.8
11536,293.8
8735,237.0
2789,40.6
16821,504.0
16758,36.0
16255,40.8
16184,24.8
7779,411.4
2755,273.0
4161,132.6
4294,344.0
3094,225.4
8060,53.4
998,9.4
9446,160.2
3702,6.2
15489,319.6
17279,158.4
11715,303.0
5255,336.6
17175,108.0
13932,501.2
16102,301.4
6436,610.6
15035,576.6
4565,14.4
16911,279.4
4271,310.0
6098,286.2
10753,7.0
13094,665.2
9265,92.4
9979,124.0
10840,533.0
12742,15.6
4361,167.6
1671,9.6
14852,117.0
2559,188.8
14645,412.6
3184,171.2
13461,37.2
17319,128.8
5845,61.8
11539,111.4
11322,178.6
10527,522.4
5483,111.4
16079,213.4
1126,239.2
684,137.2
16439,216.2
153,60.6
2000,4.2
16635,174.8
11298,235.8
14063,6.8
7614,174.2
16680,206.6
13498,463.4
6345,119.2
3611,154.0
6132,105.6
13532,38.8
10453,161.0
17306,65.6
11721,172.0
15935,250.6
14153,319.0
9141,132.0
11034,189.0
113,61.4
16398,99.6
5560,207.8
9951,158.6
8958,32.8
1825,342.2
14504,546.0
15348,572.6
11244,310.2
5430,9.6
6266,189.4
11725,725.2
3019,358.8
15488,329.0
12717,16.0
114,47.8
3867,25.8
14562,124.2
16077,207.6
1654,87.4
11702,566.2
2897,200.6
2973,300.0
14544,12.8
5777,35.6
11903,8.4
10502,403.4
9425,187.0
635,116.8
14750,705.0
4319,182.6
15167,59.0
104,88.0
8344,167.8
2996,503.6
4449,24.8
4550,143.8
2449,50.6
12590,747.2
4185,144.8
2506,159.4
2865,18.0
9649,55.6
14008,231.2
5996,211.0
8193,24.0
16922,275.8
13258,279.2
1225,3.8
12860,43.8
15944,41.6
2762,68.4
13298,166.8
12620,59.2
10124,108.8
11672,491.0
7174,233.8
12444,442.2
10194,313.8
12195,51.0
12957,49.2
7113,94.2
5875,88.2
9479,99.0
8300,169.4
1213,75.6
10085,117.8
10326,60.2
17249,23.0
10681,5.8
3252,303.2
14052,466.6
3507,29.0
16666,19.0
12736,428.2
6716,225.2
7421,249.6
5871,6.6
13225,28.0
14036,36.6
12532,405.4
10685,379.8
10269,165.8
10668,463.4
739,2.0
16321,281.2
7866,146.2
8234,298.2
10820,135.6
8800,265.6
8579,14.8
13392,10.6
12863,4.8
15022,96.4
3568,213.0
13234,248.6
5104,227.0
4196,488.2
371,18.2
16707,160.0
13213,758.0
1972,42.0
4138,48.0
5650,208.6
3929,208.0
5899,186.8
1302,110.4
11374,7.0
7716,6.0
4712,22.0
6338,201.4
9161,192.2
12249,285.6
10957,447.0
13940,58.0
2260,39.4
306,12.2
5386,390.2
10542,448.0
12242,109.6
16391,406.2
7856,84.8
5861,93.6
14929,30.8
2292,71.6
2373,367.8
8615,220.8
4369,183.4
2830,357.2
1919,264.8
1358,123.6
5347,350.4
2388,194.2
4019,385.2
1861,160.8
4594,330.2
13114,241.0
11431,181.6
7289,24.0
6778,127.4
9438,7.0
2271,221.2
16447,41.4
16223,355.4
10700,112.2
3339,27.0
12522,177.4
16425,18.8
8258,360.6
15593,236.2
11299,157.2
17127,180.6
2279,279.8
3830,134.6
10934,501.2
1865,98.6
4079,418.8
78,140.8
16617,3.6
10523,240.4
6779,133.6
15662,616.6
2059,58.4
13112,252.6
8508,16.0
8017,270.2
14594,235.4
16067,3.8
1010,224.2
16029,242.0
301,27.4
5460,204.2
15629,427.8
7772,151.8
14469,46.8
14602,244.6
3179,384.4
830,8.4
1453,126.6
17003,15.4
6840,199.8
16149,567.0
5278,408.0
12510,433.2
16195,420.2
7386,295.2
7844,128.4
15828,368.0
10984,353.8
16679,223.0
15628,622.0
9854,243.0
10291,186.4
12619,219.0
10370,3.0
11032,528.2
15213,9.8
2030,74.0
736,10.4
5542,416.2
11674,412.2
17195,22.4
15179,647.2
3931,375.8
9428,422.6
13723,130.4
11394,123.0
9207,131.8
3103,22.6
459,1.2
215,13.8
12729,249.4
7512,152.4
15312,5.4
2933,38.4
3129,20.0
3880,211.8
270,121.4
14812,524.2
11705,179.6
6285,304.0
11475,90.2
6948,65.6
10093,209.4
4233,104.4
11636,113.8
1339,3.8
14404,401.6
8175,13.8
15240,8.6
2438,145.4
15552,34.6
2819,382.6
9482,57.6
9124,31.6
15810,223.4
3858,207.8
6174,425.8
2775,474.0
5537,178.8
14045,282.8
11006,558.4
3287,273.6
12302,298.2
5572,21.8
4727,316.8
13174,90.8
7761,48.2
3580,40.4
8970,263.4
7332,7.2
8654,52.4
10123,152.2
8148,35.6
10714,166.6
289,68.4
14251,161.0
4520,27.2
3141,276.0
323,36.8
5725,102.8
16649,292.4
13270,16.2
16644,15.6
5206,456.0
2589,146.4
10633,28.4
13388,39.8
9407,243.4
12995,442.2
276,48.4
15661,649.4
12994,518.4
7576,76.0
5288,13.2
3871,3.6
1674,275.8
14054,680.0
13998,437.2
9299,75.8
12497,298.8
9922,133.2
4396,22.4
11848,291.8
10627,280.2
6687,5.0
7835,13.2
8824,247.8
16048,565.8
7573,5.0
6448,13.0
11663,48.8
9727,47.2
13536,20.6
14134,28.4
2472,125.6
7432,34.6
14417,310.0
9173,5.2
3144,160.0
4534,380.0
8672,19.6
6531,334.0
5507,297.6
7539,459.4
14656,429.2
3537,173.4
14092,531.6
3687,205.6
11141,260.8
12206,390.6
17139,80.0
14764,738.6
7594,39.6
1598,25.4
16983,209.4
614,106.6
11622,245.0
3788,448.0
6207,12.2
7296,372.8
15721,58.8
11617,43.6
7655,323.4
7210,21.0
3337,127.6
8814,77.2
1551,29.0
603,251.0
12989,261.6
3410,137.0
13991,48.2
8487,23.8
4463,253.8
14886,186.4
8964,72.2
15181,606.4
5240,40.6
1331,143.2
9271,13.4
1793,79.4
11714,151.4
16742,597.0
6409,202.2
7900,294.4
11019,175.2
659,65.0
232,32.8
15841,26.6
13344,25.0
16107,248.0
8682,204.8
7548,6.0
3599,262.0
6176,192.0
7688,93.2
12006,413.8
8412,5.0
8062,60.8
13409,292.6
2768,5.2
10204,31.0
5502,4.6
1306,186.2
12724,513.2
3156,178.6
16433,190.6
5677,106.2
2867,161.4
3185,192.8
5180,545.8
4794,279.0
4496,41.6
6135,6.6
3900,294.6
12859,109.6
5681,4.2
8764,77.0
9765,254.6
12637,668.8
8430,70.0
13087,285.6
6787,161.2
17360,4.8
16247,375.0
14585,320.4
336,113.4
9241,112.2
10709,313.6
14413,723.0
1693,8.4
5724,197.6
1655,117.8
8406,79.8
1389,3.6
9780,182.6
1570,85.8
10376,152.8
7597,4.6
14985,350.4
794,166.6
15777,287.4
9110,113.8
1481,5.6
7477,40.4
3132,230.0
14682,187.8
17119,10.4
14389,701.8
14591,8.6
13611,408.6
264,76.6
12326,560.4
5400,269.2
11256,3.2
10770,322.8
9756,105.4
12167,36.2
5901,140.0
9943,248.6
13550,729.4
4571,508.6
15761,236.2
2402,94.6
15431,5.8
4003,361.8
8176,170.6
13246,12.2
2370,108.2
13358,324.4
7172,140.8
5516,482.2
5077,163.4
11821,509.4
13473,318.8
913,76.2
9931,350.8
7797,322.2
1270,29.4
378,6.2
13366,11.2
4904,28.0
10661,30.2
13021,411.2
1351,92.6
14462,799.6
13341,114.8
9738,303.0
11517,14.8
5365,162.4
5346,216.6
7841,316.6
588,100.4
8348,129.6
16050,210.6
1572,47.6
13768,474.0
7836,5.8
5131,100.0
1328,60.0
8706,151.4
1683,197.2
4465,224.8
11208,4.2
14025,527.0
2183,261.0
13835,487.0
5073,198.0
16347,149.8
4227,62.0
2708,258.4
10067,68.4
14911,210.6
914,59.2
7639,121.8
5608,244.2
13154,41.4
14298,227.6
3247,6.2
12632,274.6
8357,245.6
14705,252.0
13387,140.0
20,90.0
668,2.0
6734,7.0
10882,246.6
12933,30.8
16603,234.6
9791,143.8
2844,232.4
6503,172.8
236,4.4
14257,67.6
871,213.8
12722,165.6
16208,14.4
14639,9.6
5155,288.4
15075,517.2
12857,263.6
12814,57.8
6142,393.2
13410,223.6
14902,4.4
9252,242.4
5545,150.4
12388,498.4
12130,267.2
15006,408.6
2785,101.8
2464,423.6
1096,149.6
744,126.0
6573,186.0
95,4.2
10785,254.2
3650,109.8
1790,6.4
4060,20.6
6034,90.4
6752,189.2
12988,131.8
14150,651.0
12762,248.0
14572,710.6
8655,135.4
4514,112.4
13719,631.4
3699,25.8
16254,119.6
10539,79.2
4541,10.6
16453,67.4
8305,282.4
4968,215.4
15550,36.2
16018,5.0
10589,363.2
9153,7.0
12190,40.2
12743,5.0
16762,29.4
8898,94.0
11366,306.8
1999,7.4
167,4.0
13092,470.0
7273,257.0
14332,173.8
14919,423.0
16249,466.6
7883,5.0
15415,188.2
6324,14.6
16159,99.2
5194,247.4
16841,348.8
8658,262.6
3794,204.6
12413,354.4
6919,159.8
14654,779.6
10842,232.6
6347,33.2
9473,192.6
3021,583.2
1935,107.2
2208,201.8
15897,13.2
15267,321.2
16379,6.4
7241,248.0
4370,97.4
13812,594.2
2810,96.4
7839,73.8
13806,308.6
16809,23.8
1425,155.4
16180,127.2
2209,166.2
11227,96.8
4112,20.6
15216,12.2
8376,152.0
3345,95.8
8988,29.4
15774,267.8
3137,386.0
1951,24.8
238,89.4
12942,235.6
14320,362.4
12131,361.2
13189,411.2
12772,566.2
7972,193.2
16442,47.2
12358,11.6
3614,425.6
11075,147.8
8518,128.6
8693,9.8
16304,76.0
7137,115.8
3835,361.8
9202,313.8
16294,348.4
8569,136.4
3204,179.2
17114,171.6
500,40.6
9504,90.2
6783,14.4
11983,500.8
15090,214.2
11786,210.2
3011,406.4
9549,326.2
5285,50.0
9537,298.0
12002,29.4
16609,371.0
17270,123.6
15007,530.0
15688,239.6
12367,198.2
15263,9.0
8321,24.6
11495,33.2
10722,271.0
7857,19.6
15103,267.6
10006,98.4
14339,473.6
15370,333.2
7333,5.8
10893,26.6
14016,13.8
5127,472.6
2571,42.2
3375,200.6
5947,57.0
2489,130.8
13718,778.0
8737,147.2
2067,27.4
5222,182.2
3961,197.4
2821,107.2
7842,180.6
3778,70.4
8337,11.0
1962,333.0
1877,35.6
3815,259.4
7930,21.2
16634,189.6
14629,854.4
3859,345.0
2536,159.0
10338,170.8
11056,536.6
9172,7.2
8381,184.4
15555,450.8
14428,495.8
16781,103.6
13785,279.4
10225,3.0
4638,33.8
3803,131.2
4011,30.4
11178,134.4
10485,110.0
2181,474.8
5342,159.2
6340,547.6
6969,134.8
2928,177.8
3505,171.6
7745,95.8
2689,75.0
12615,521.2
17094,36.0
3864,214.6
15243,355.6
12122,202.2
13211,257.0
5887,325.6
4411,242.2
6305,38.8
16585,466.6
4811,127.2
10117,140.8
6555,380.2
5666,234.8
4437,425.2
1288,98.2
833,1.6
14838,423.2
16859,45.8
14175,421.6
2441,235.8
10864,530.6
10232,259.4
4299,147.4
17071,18.0
9268,19.2
10026,433.0
3873,177.0
4183,9.6
16514,225.0
6981,311.4
12451,183.0
3805,262.8
7871,44.8
14561,214.8
525,17.2
4739,345.8
7691,7.0
2184,164.0
2737,172.6
4130,165.4
4166,154.0
2540,404.4
278,6.0
2001,32.6
15224,293.8
7478,6.8
16364,243.2
13025,242.0
11769,258.4
13833,561.2
6349,8.2
15057,298.6
10715,217.0
4170,146.0
2029,153.4
8370,213.2
12948,392.0
15694,64.2
1439,4.6
4113,31.0
7262,9.0
8554,5.6
17011,374.6
14897,188.6
12307,168.4
1745,157.6
16125,321.6
13041,240.2
7041,114.0
1541,89.0
5151,353.6
10624,653.2
16065,12.2
16286,288.0
4415,304.0
16984,271.2
13184,413.6
4545,133.6
10644,231.0
13959,674.6
12598,11.8
12754,230.4
1313,60.6
5050,405.4
8141,122.0
16843,374.6
5465,411.8
16898,327.6
8315,40.4
9056,36.0
6696,152.2
4826,122.0
7827,297.2
54,110.8
3954,394.8
7211,11.6
14532,523.0
11412,480.4
15936,361.8
16423,56.8
16269,225.8
5477,81.4
11370,156.0
9463,4.2
9496,315.4
14078,797.8
428,85.8
12633,308.2
5965,107.0
9127,10.2
4814,370.4
491,76.2
9154,13.6
16069,67.8
4801,209.2
10412,161.0
538,60.4
16995,169.4
6032,238.6
8008,209.6
2426,77.8
11201,231.2
2907,47.4
14493,114.8
6272,186.6
9259,283.8
14003,524.8
10521,181.2
14667,91.8
8598,17.8
2544,172.2
15899,5.8
9760,96.8
3468,168.6
10950,352.2
2613,301.0
4759,8.0
9580,7.2
6706,90.2
1287,124.6
12318,343.4
9817,65.0
3281,431.2
10017,174.2
15198,484.0
14044,554.8
5319,377.6
4097,173.6
6651,373.4
3768,254.2
6625,462.2
3326,157.8
3336,194.6
10990,57.6
1662,236.4
12501,102.6
1305,219.2
6753,140.8
3700,21.4
12937,159.8
7229,291.8
96,8.8
4489,154.6
14644,642.4
1143,63.2
1616,140.8
15797,427.8
3035,404.6
3352,178.8
2111,297.4
1256,131.6
406,51.2
9448,185.4
4062,5.4
4609,191.8
7272,206.2
7013,309.8
6290,392.2
1657,143.6
5784,290.2
1178,30.8
8903,117.0
13953,286.0
5641,330.0
1880,5.8
8123,46.8
8795,9.6
11077,626.0
1918,200.0
6488,111.0
16413,184.4
12467,343.8
9777,248.6
4293,361.6
9291,59.6
9497,283.6
8936,10.2
3191,261.2
10010,5.0
6451,91.0
4686,6.0
16717,498.0
2454,24.6
10339,94.8
11939,292.2
16483,344.6
13135,262.0
4862,141.4
6671,320.0
5119,13.2
5971,62.0
16882,9.2
328,9.6
16825,272.2
7945,250.0
13483,168.0
12669,101.8
13233,275.2
8371,117.6
10259,237.2
13141,644.6
16440,194.0
12180,542.0
5314,20.8
16605,308.4
15969,54.0
1318,7.2
7328,71.0
13549,754.0
3728,43.2
14112,13.0
5308,75.4
5831,210.8
7129,138.4
10823,82.2
7218,295.2
3406,477.2
1273,6.0
16030,219.0
8636,143.0
8277,191.6
9936,25.0
16151,481.0
11147,556.0
15475,128.6
6874,81.0
7830,131.2
5940,112.0
12936,7.4
4477,299.8
332,8.4
14136,13.0
9741,329.0
11948,70.2
7864,302.4
19,69.4
6784,14.0
11011,112.6
10707,38.8
1355,183.4
16494,145.8
7961,68.4
14084,47.2
10267,379.4
6033,107.2
13179,62.6
418,68.2
10795,196.0
14315,368.4
12975,454.2
12645,85.0
12483,105.0
4179,27.8
15792,7.6
4324,81.8
4395,54.8
15646,16.8
5297,411.8
3016,195.2
3914,128.0
11010,212.2
3639,345.6
692,2.4
178,123.0
3820,16.4
408,26.8
6431,269.6
15667,170.0
5290,39.6
2496,174.8
9490,23.0
2995,251.8
11068,526.0
5224,192.0
14115,475.8
1451,162.2
10911,708.6
11748,337.6
10201,2.2
7389,143.8
15619,138.0
4907,410.6
1240,199.6
12827,500.4
2048,10.4
11795,357.4
6218,190.2
3111,273.8
2825,188.0
12733,639.8
8911,3.6
16005,428.6
12550,14.2
11292,503.2
10761,214.4
1116,5.2
2131,391.4
7925,167.0
14425,61.4
6988,252.6
7690,12.4
15325,711.4
591,109.4
9759,101.2
8847,104.0
9113,109.4
9423,171.4
14155,194.8
832,2.8
9766,194.6
3334,362.2
2510,128.4
940,163.2
9373,109.0
11306,65.6
14344,210.4
8111,162.8
5446,372.4
14792,309.0
3526,361.4
3055,14.2
2392,166.8
1004,75.6
12971,357.4
3682,378.4
14524,107.6
4656,214.2
16047,477.2
631,84.8
1528,16.8
12026,71.2
85,109.8
12712,437.4
10483,165.6
11200,292.8
14931,488.8
4436,405.4
13056,6.0
14396,44.4
15549,19.0
12289,27.2
16458,233.4
10102,77.6
13110,188.2
12074,120.2
3856,199.6
7713,61.6
920,88.6
7978,79.2
14053,701.8
7280,110.0
14710,31.8
10009,5.2
2282,106.6
2979,23.4
15467,321.2
1182,47.4
7753,215.8
13763,325.6
2981,14.2
9736,159.0
4881,139.2
7981,12.0
15497,173.4
15972,19.0
16773,241.0
10385,445.0
9129,11.6
10468,23.8
10152,72.6
9770,21.0
11772,434.8
13220,45.6
8953,101.0
17356,11.0
5624,10.0
13683,58.4
1765,4.4
16486,445.4
14595,487.2
9254,127.0
3592,222.0
5504,39.4
13957,629.6
13317,62.4
6562,113.0
10153,34.6
3566,194.2
6583,256.2
9278,150.6
2682,165.4
17095,16.0
14755,136.2
17377,53.6
9210,140.6
14362,474.8
11877,8.0
14110,14.0
14043,328.0
1276,16.6
1130,70.0
14024,514.2
905,6.6
16902,32.8
4929,212.0
8292,23.2
12560,134.0
526,6.0
7907,8.8
7533,128.6
9634,58.4
11589,30.2
15337,17.8
11625,276.0
12614,672.8
17138,88.8
13031,5.4
11592,7.6
10280,248.8
14962,293.8
12928,459.2
12183,379.4
12757,571.2
5235,38.4
221,56.8
4002,217.8
17290,37.2
7285,21.6
14554,448.8
15901,65.4
720,201.2
16887,315.0
12880,506.8
1894,167.2
14108,64.6
3664,183.6
3230,152.6
4340,395.6
5945,9.2
9347,354.4
17261,6.4
13029,21.2
4808,7.0
2515,277.2
6657,95.6
431,47.2
283,13.0
513,93.8
11040,2.8
13770,229.4
10077,53.0
14880,22.0
16217,195.0
14376,11.6
10905,221.2
9855,233.2
7618,67.0
7875,401.0
12217,54.6
1183,95.6
2528,40.8
9096,128.8
1237,93.4
6979,181.8
10213,169.0
1164,25.8
1556,27.0
6703,227.4
4593,183.2
5409,198.0
3878,163.6
15196,143.4
13086,184.2
15155,353.2
6538,114.0
1966,233.2
12998,404.6
4262,170.4
400,57.2
9938,4.8
6478,311.4
15679,575.8
2877,519.0
4674,197.4
164,18.8
433,4.0
6865,214.6
903,7.0
1727,110.8
5456,12.6
14676,450.8
3547,350.2
2182,399.4
3386,98.0
14726,785.8
5739,203.2
9051,19.2
12458,220.4
16999,87.8
165,7.6
1799,280.0
6966,187.8
2451,77.2
15709,455.4
15226,215.4
13671,374.6
5690,193.8
16880,5.4
4431,219.0
6666,80.8
17224,147.2
15882,72.6
2371,256.8
12504,21.0
13326,408.6
9551,176.0
2837,12.2
951,3.4
3724,26.8
1650,131.0
13323,69.6
12835,209.4
10245,161.0
15038,458.6
17145,20.0
14696,661.0
13827,89.8
13380,503.4
7663,111.4
4452,195.0
3373,167.8
15651,235.2
13823,39.2
399,55.4
8685,200.2
5688,162.6
1509,9.6
12099,521.6
1507,2.0
11302,58.6
2384,24.8
12596,52.0
4446,30.4
9614,175.4
2062,166.0
14236,681.4
11014,10.6
4994,100.2
7409,240.0
13364,35.0
2866,183.2
6527,259.6
2235,78.2
6038,7.2
13564,521.4
1510,48.2
157,106.2
16890,228.4
7880,98.4
4429,147.8
16498,21.4
3280,434.8
16957,353.2
16422,120.4
7345,178.0
7017,83.6
15402,123.0
6147,328.4
1296,14.2
2348,423.0
952,10.6
9112,129.8
12075,379.4
14970,215.8
6001,162.0
7179,395.4
2469,223.4
6149,371.4
2031,76.4
17174,78.2
713,5.8
4421,17.6
13577,366.2
3311,225.0
14342,406.6
7202,329.4
11774,745.4
13148,136.4
3282,389.6
9957,149.6
7073,234.4
4878,5.4
5758,461.8
10108,14.2
11446,14.6
3333,438.4
5100,193.6
81,67.4
4197,403.2
277,38.6
13438,15.4
10203,2.0
3617,491.8
13872,8.6
14154,189.0
16746,218.6
262,132.0
4533,582.0
5895,7.6
2869,130.2
4005,512.6
4045,164.4
5489,265.8
15582,198.8
2099,29.2
2231,286.4
9381,403.0
391,84.8
16276,195.4
12378,181.0
11,85.0
13188,494.8
752,210.0
7303,136.4
13967,12.6
12675,99.0
3265,141.2
9910,103.6
13826,22.6
10713,177.6
3976,388.0
7742,9.2
8673,6.4
5075,436.4
8265,36.2
14402,239.8
4865,145.4
4987,363.8
8608,144.2
15393,242.8
14341,458.6
10526,263.0
11780,65.4
11340,257.8
1476,50.4
8001,14.6
17250,27.4
16342,416.8
1320,84.0
1490,97.2
14649,301.4
14130,282.4
15603,425.0
1948,56.6
12004,106.4
6015,9.2
11605,798.0
12267,483.8
8333,102.0
13070,736.4
9049,102.6
17184,65.8
10429,295.6
5999,209.8
14865,563.0
16224,497.8
4967,287.4
4432,222.6
5406,6.6
9555,8.8
10082,6.0
1644,12.2
15573,24.4
11416,386.2
4563,56.2
865,70.6
1614,246.4
10596,286.6
5218,447.0
16610,230.4
13552,394.8
460,5.0
13084,454.6
5694,361.2
12826,564.6
16200,492.0
4972,96.4
1091,5.8
12793,57.8
781,42.8
2407,36.4
16823,342.4
14040,6.6
16325,117.8
3949,298.2
5915,73.2
7867,58.8
14824,406.6
16704,473.6
14984,285.6
3545,153.8
7890,302.4
3269,49.2
16096,358.6
15985,310.6
11221,734.2
2473,59.0
6066,346.0
1151,224.6
602,124.0
8622,25.6
4425,67.4
13920,7.0
16735,18.0
2771,138.6
7324,195.4
7511,157.2
12954,217.0
15381,26.0
7306,90.4
2815,8.0
15080,310.6
13930,288.2
3292,83.0
4068,277.2
16315,524.0
11093,357.0
7190,4.8
2879,265.8
3643,407.4
4620,208.6
1931,6.4
9199,20.4
6008,211.4
17088,489.2
3294,24.4
7358,4.6
10810,597.6
5070,7.0
9488,6.2
9775,18.8
15691,169.6
6107,105.0
788,8.0
17146,10.8
593,45.8
2076,343.4
4046,164.4
4276,79.4
12662,471.2
14082,198.2
16619,37.6
15178,694.4
1483,1.4
405,79.4
2954,176.8
6689,162.8
7201,177.0
9419,317.8
158,69.4
16242,173.2
6475,107.6
5355,28.4
16104,494.2
13274,206.2
8818,7.0
10184,290.2
2193,24.2
7401,77.2
11401,57.6
17164,55.0
10501,433.8
14149,743.2
6333,132.4
6284,204.8
3795,101.8
7163,12.0
5341,146.8
15532,145.2
3349,138.2
6054,450.0
11461,704.4
17349,115.4
10156,7.0
8907,39.0
850,126.8
3854,158.6
5337,97.6
12159,441.2
13181,244.8
8169,14.8
7347,436.2
6043,438.8
14986,310.6
7476,47.4
12908,46.6
2462,325.2
16802,218.0
12409,58.8
13369,52.8
4648,341.6
2160,185.0
14909,393.6
2387,437.8
15759,474.4
12273,305.2
15594,132.6
11963,361.2
8986,11.6
4180,18.0
16240,456.4
7575,51.8
3178,208.4
35,70.4
13600,494.8
9222,3.4
16994,188.2
16819,475.4
8731,107.8
682,163.4
7291,166.6
1426,194.2
16043,5.8
10952,271.0
7791,7.2
14586,226.4
15157,824.8
17234,36.4
8782,405.8
9695,118.6
7118,11.0
11878,10.0
8877,397.8
10967,58.0
15190,81.2
16540,171.4
4407,171.0
13651,161.4
12503,48.6
805,36.8
12481,19.2
7428,33.6
2709,350.8
10163,316.2
7947,379.6
15735,450.4
3577,200.2
2962,24.2
6982,327.2
3004,13.2
15490,369.2
7917,152.2
9354,143.0
8474,97.8
7897,282.0
7709,201.2
11652,538.4
15887,117.8
15329,242.0
12374,731.8
10046,133.2
5146,47.0
12155,569.6
17069,120.6
3296,10.8
5362,271.4
10341,55.4
17002,26.2
9449,159.8
13248,12.0
4838,170.2
6239,175.6
2066,52.0
10402,223.8
5727,20.2
8745,7.4
9896,349.0
6004,506.0
12096,8.6
2712,152.4
6973,30.2
4139,185.2
9519,163.2
16445,70.4
15098,243.2
851,50.2
6864,152.2
8466,65.4
15298,294.8
5261,22.2
14137,27.6
16419,234.2
11514,116.8
6798,256.0
5021,9.8
11533,516.8
1706,167.2
17052,201.0
10594,285.4
7840,222.0
10663,125.4
9859,227.8
6968,122.8
1384,48.6
10873,11.8
11642,36.2
14805,45.6
16274,396.4
5891,67.2
15193,12.8
15481,50.6
14294,776.4
10749,107.0
3690,214.8
15407,7.6
5257,185.2
16772,186.4
14613,17.0
10099,234.2
3779,148.0
4455,386.4
16567,22.2
17375,64.0
1941,284.4
7869,29.0
12390,250.2
1890,105.6
12558,128.8
6915,507.6
6648,429.6
10508,119.0
10600,720.4
493,97.2
608,45.4
11595,298.2
858,1.8
14993,304.6
4334,292.8
13977,298.2
11215,219.2
17155,148.0
6191,132.8
2636,462.6
7277,250.4
13948,511.6
6835,413.8
14360,395.2
12478,37.2
4920,193.8
15975,82.0
233,33.4
6336,177.4
8363,6.4
530,13.8
1380,281.2
2814,4.2
9229,139.0
16431,386.6
10583,16.2
15622,10.0
9966,10.4
7381,4.4
14729,252.0
9337,50.8
11384,249.2
5381,10.6
14355,48.4
2400,222.4
14426,145.8
7366,160.0
14313,316.8
3045,451.6
4506,197.4
6484,181.4
5820,155.4
7676,142.4
2095,19.8
9620,237.2
6900,7.0
15538,495.0
9552,95.6
14870,479.2
937,85.8
348,32.2
7705,90.2
10431,630.2
17316,30.4
13708,500.8
5735,332.8
3983,259.4
11817,579.4
6744,166.8
8478,49.4
12651,101.0
3378,188.4
6077,367.6
11899,80.4
2106,124.6
3108,170.0
8966,180.6
13268,71.0
15203,576.6
12283,161.6
8255,138.0
5912,277.2
13399,211.0
1410,9.0
10607,38.4
13000,333.4
5178,215.6
9180,243.4
9189,210.4
1155,60.6
4493,10.8
2843,384.4
12591,558.0
726,75.8
1100,152.2
4628,350.6
9245,8.4
11388,366.4
14843,534.8
6435,360.6
13612,571.8
7109,282.2
9844,23.0
8982,42.4
4767,169.8
13640,296.4
2724,149.4
11473,9.8
5720,632.0
4495,8.2
17216,5.4
13955,284.0
15583,225.6
10549,209.4
9794,60.0
72,2.8
16058,516.2
15238,5.8
5703,16.2
4905,157.2
13960,454.6
15663,490.8
11835,52.4
8954,88.2
773,118.8
14898,151.0
6399,30.0
3977,384.0
13389,14.8
1611,230.0
6269,384.0
15009,603.4
16022,154.0
7346,311.6
5010,220.2
13235,276.8
16086,90.2
10977,626.8
10378,256.2
5862,466.2
3356,588.0
1813,53.0
14437,770.6
9808,387.8
9209,127.8
10741,242.2
2404,36.8
1360,60.4
3581,11.6
1871,169.4
13120,438.2
6155,26.2
14565,12.4
7232,91.0
770,125.2
14305,27.6
12967,214.8
5408,37.6
10606,56.6
14850,213.4
1110,43.4
4926,8.8
9316,77.2
15010,575.2
12319,570.0
8915,234.4
6035,26.8
12862,12.2
171,61.8
13215,551.6
15789,23.6
531,50.0
6430,181.6
6888,86.0
15675,74.0
13158,342.0
11620,602.0
11632,373.0
8334,78.0
10128,55.2
17267,100.6
8785,178.4
15974,18.2
253,49.6
2764,42.6
10176,12.6
2626,23.8
16206,144.0
14721,262.6
15923,6.6
3360,205.0
14374,10.4
14728,377.6
13472,317.8
10605,126.8
17158,148.2
2880,158.6
485,4.0
2607,395.6
9464,6.8
15113,399.8
12963,462.4
8616,204.8
6200,208.8
3151,8.8
3586,295.6
12484,203.2
5276,466.2
10310,445.2
12328,381.2
15170,33.6
3462,34.2
10196,126.0
1462,8.8
4374,4.6
10570,186.0
13559,4.2
1300,22.8
14827,209.4
3882,197.6
15617,256.4
9788,393.6
4126,323.8
6162,293.0
9543,166.4
2859,32.0
7316,252.8
14080,422.0
13510,106.6
7182,231.6
15807,503.4
4933,132.8
4729,178.2
2577,64.4
3354,142.4
12858,158.4
14593,30.2
15062,648.2
4870,380.0
4022,171.2
5165,9.6
3309,347.0
8435,9.4
5441,206.0
2144,4.2
14611,154.0
14037,12.2
9481,61.6
6539,34.6
10974,260.8
15345,524.8
15748,653.8
9628,27.0
13004,147.8
3007,3.8
13404,475.6
4772,480.8
10254,263.6
11852,30.0
9190,161.2
132,153.0
7360,92.6
8596,70.2
16374,102.4
4724,447.8
1711,55.4
687,41.8
14825,304.6
630,76.0
11261,366.4
12861,18.8
8996,171.4
13772,46.4
2991,189.8
10750,44.2
15483,288.0
1335,48.2
14349,116.6
5785,277.0
5680,9.6
10092,256.8
3320,33.2
9556,5.0
6407,212.8
7513,201.2
12498,241.4
5343,183.0
17053,426.6
8336,48.2
7311,8.6
12976,403.2
13313,270.0
16838,71.2
11207,6.8
13873,54.8
13622,702.4
4430,148.0
13045,675.8
8130,143.6
10691,232.4
5800,71.8
3853,140.6
984,193.2
10270,77.8
15741,17.8
5539,361.2
722,66.4
15802,253.8
1814,148.8
9996,227.0
14484,434.2
13589,376.6
16895,571.0
11239,194.4
16918,319.8
16251,252.4
16832,60.0
1980,143.0
7695,43.0
11418,199.6
7181,401.4
11285,375.6
6252,25.2
9971,213.4
3872,24.0
8442,146.0
5259,55.4
9888,20.4
13032,26.6
3524,520.8
381,51.6
470,68.0
11091,394.2
2022,2.6
1549,64.8
8663,201.4
5714,235.2
16842,376.4
8837,7.2
5427,35.2
7069,7.2
1169,80.4
15048,44.6
1597,59.4
38,86.8
7505,275.4
1768,75.4
12235,97.4
17149,31.0
12274,267.2
2701,92.4
7141,21.4
1367,13.0
5709,321.2
11440,339.4
9078,3.0
16160,68.4
3109,200.6
1048,118.6
1762,41.6
14719,255.8
15294,246.6
10466,11.8
16432,193.2
16988,396.8
5353,161.4
14476,460.4
9763,219.2
746,67.6
17182,125.4
9749,8.8
11820,538.4
1024,164.2
8233,283.0
15660,337.8
8641,70.4
8301,243.8
16119,488.8
4472,9.0
15720,13.2
11142,365.6
16080,357.6
5669,219.2
14441,331.4
14195,404.8
9699,4.2
15372,217.4
11654,481.2
16390,226.4
7530,339.4
13346,23.0
2210,88.4
10079,29.4
14636,65.2
8980,62.4
8140,166.4
6145,331.4
12310,60.8
14983,274.2
14135,8.4
13378,241.6
10812,429.0
14854,93.4
11194,403.8
7419,315.2
12387,488.0
15417,250.6
13139,289.6
8196,2.8
8156,252.4
7380,5.0
17247,62.6
5656,6.8
339,119.8
4245,545.8
3041,205.6
9492,101.0
1156,68.4
15553,52.4
11277,44.0
1958,93.0
2455,11.8
6412,526.0
10982,554.4
1188,65.8
3214,208.4
2573,9.4
15321,388.0
13207,222.4
1119,37.0
2158,418.2
11270,633.0
8340,5.0
5937,168.6
11515,58.6
1068,23.2
16497,42.0
9880,300.2
6846,401.4
472,97.8
1546,159.2
15672,27.6
10164,281.8
7148,297.8
2554,216.8
838,163.6
5488,370.0
11307,102.8
12238,10.6
15992,99.2
15392,409.0
9912,19.6
10494,52.4
7910,58.4
15344,694.2
16532,243.2
3522,232.0
6997,5.2
11333,93.2
16964,231.6
1833,13.2
4479,339.2
5015,336.8
15394,357.0
14873,206.2
6088,42.0
13997,334.8
272,139.2
7493,165.0
6341,476.0
1129,124.6
10367,20.4
7748,189.0
14690,29.2
4292,359.0
16586,337.4
9242,60.6
2267,29.2
5954,384.4
2480,19.2
15033,670.0
1514,81.0
7771,215.2
17056,232.2
15034,610.0
13978,339.8
4285,254.4
7630,320.8
955,79.0
9089,111.0
7466,336.6
12643,199.2
1262,231.6
11680,249.6
7123,43.8
14570,179.2
2662,255.4
16449,10.6
5796,202.4
11163,69.4
16232,13.6
3907,334.4
16169,286.8
16813,41.6
6464,93.0
2245,191.4
8006,14.6
6711,4.4
9366,3.6
12655,570.0
13889,263.2
15739,115.2
12010,507.6
6816,429.6
7896,200.6
6231,13.8
892,79.8
7061,362.6
16284,27.0
11909,262.6
3962,197.6
14707,124.0
16333,30.8
12947,246.8
14809,53.6
9954,294.2
11036,80.2
5423,293.2
3852,218.0
1856,5.8
9536,65.4
16871,586.2
10972,90.2
4082,135.8
6298,158.0
9815,124.8
10344,2.0
9502,113.2
16885,516.4
11865,201.6
11477,236.6
1933,50.2
16980,44.2
2304,177.8
842,56.2
12054,173.2
14202,132.0
12982,50.8
3341,10.2
17332,41.2
821,205.4
16945,367.6
5161,106.0
16626,259.4
12553,41.8
8793,9.4
9641,263.6
5768,483.8
6314,375.6
4124,350.6
565,193.6
8241,25.0
1921,129.2
15749,297.2
8082,321.0
3476,440.0
13614,201.0
17080,183.0
554,70.4
13672,330.4
12828,519.4
4774,354.6
1500,99.0
15942,153.2
1524,123.6
3460,89.2
6247,277.2
3514,282.0
11053,366.4
1168,92.0
5087,189.6
10463,51.4
8557,115.2
252,77.0
7727,151.2
10945,3.6
11281,34.6
13502,330.2
5848,4.2
2649,89.8
1477,47.6
5517,512.4
13474,299.2
13871,5.2
2661,360.8
13495,461.8
12179,513.2
5450,146.0
11335,282.6
2386,236.2
8199,44.0
1083,132.6
15357,106.2
11360,138.2
5698,359.6
6139,113.4
11427,353.8
12690,177.4
9625,93.2
927,10.2
17227,119.8
9016,215.4
11078,330.6
16847,181.0
8573,49.4
8275,125.2
12031,176.0
9776,55.2
13407,605.2
3733,173.4
11671,422.4
4344,278.4
16785,9.0
8185,212.6
776,164.4
10670,435.6
8042,215.0
16512,327.0
15142,17.6
15875,344.8
3715,357.4
201,92.0
11749,526.8
1265,113.2
3376,226.8
9998,267.8
10884,229.8
12821,261.6
10764,281.6
11542,10.2
7538,273.0
1660,212.0
1561,35.4
6749,303.6
1881,3.4
3257,234.8
16948,141.0
9286,279.4
14013,109.6
2083,302.8
8218,15.4
16222,262.2
11364,215.0
5037,561.2
9013,91.0
4969,205.2
5618,151.8
17289,23.2
6621,275.2
5177,159.4
7292,202.8
15211,95.6
4584,197.6
7077,114.6
11452,498.2
4963,333.2
15545,157.4
3678,3.2
10666,325.2
6375,12.4
1092,18.6
11567,8.4
7342,160.4
7010,248.8
16301,123.8
14076,387.0
16007,407.4
3799,15.4
8797,75.8
6210,229.6
7710,203.0
3696,196.4
556,215.2
5108,513.8
14221,698.6
16770,223.6
13735,203.2
8284,262.8
16909,259.2
5291,133.2
8507,5.2
5671,478.4
6890,138.0
6849,135.8
4700,589.8
8670,48.8
16941,266.0
4768,188.8
17205,82.6
1036,109.8
1194,180.4
6102,425.8
6352,79.6
9284,405.8
13384,412.2
15436,563.6
14650,331.6
986,233.8
6566,5.4
16643,7.8
6293,318.0
15367,392.8
16128,403.6
3879,202.0
1680,111.2
6937,258.0
2628,147.0
14412,396.6
15712,226.0
9824,6.6
9711,135.6
11390,637.6
2975,182.4
6918,273.0
9721,61.4
11579,277.8
9416,34.0
5627,111.4
12654,343.4
12519,425.0
825,64.4
5946,30.8
11160,12.6
5693,209.6
15570,120.8
10610,5.2
11373,8.8
5558,200.6
12599,13.6
11876,31.0
11911,230.4
14699,553.0
10019,132.4
16527,598.0
12728,267.6
16817,292.4
12046,10.0
14655,508.2
3264,189.2
2720,30.6
12547,105.0
5955,375.2
16776,477.4
4810,70.4
6824,129.6
9729,255.4
16300,168.6
14371,77.8
15317,412.8
2155,200.0
14119,272.0
14207,4.2
16078,175.6
8027,6.6
3003,26.0
11745,248.6
6599,287.2
8918,98.4
5449,163.6
10061,130.4
9447,178.0
9818,73.6
8184,151.8
6534,373.6
9489,6.8
7138,81.2
6926,11.4
5352,221.2
3694,429.2
4866,153.4
10404,227.2
9176,35.6
1794,79.2
3996,164.6
3801,25.0
3136,427.8
9816,95.4
9972,281.0
7371,525.0
11468,92.6
10772,160.4
16405,113.0
1071,296.8
9717,250.2
1675,135.4
13077,38.6
10228,29.0
3323,320.8
14959,241.0
1902,29.4
16905,5.0
8589,133.6
5463,457.8
6856,19.0
14638,16.4
2258,82.0
2650,209.8
6741,157.2
16289,189.8
8710,314.0
3769,167.6
4020,253.2
1342,1.8
12529,45.0
12592,430.2
1292,37.6
9320,7.4
10210,146.4
15820,509.0
13080,30.8
9036,214.2
10581,92.2
8547,81.0
4377,120.6
3957,334.2
5726,40.4
5732,161.2
12369,239.2
5983,285.0
6911,190.0
2797,254.8
17136,214.4
15268,530.2
4660,25.0
5935,270.2
7237,5.0
3008,20.2
7108,417.0
6610,127.4
4485,305.6
1044,11.2
13956,523.2
6713,146.4
8650,18.2
6118,331.6
6161,164.6
6308,242.8
7147,145.6
152,55.2
16016,22.4
14678,344.2
12579,412.8
1069,47.0
302,13.8
15698,24.4
6908,225.2
12609,300.2
247,57.2
13421,377.6
7460,212.4
8313,94.0
14165,334.8
6309,324.4
16517,79.0
8219,7.8
14930,235.4
4829,13.8
3895,5.4
15272,292.6
5232,224.6
10480,346.2
12120,8.8
7440,282.2
268,61.8
2820,197.8
3705,162.2
4884,291.6
5898,90.8
12903,639.0
6258,220.8
15980,407.2
15639,481.8
7249,181.2
2741,14.0
8564,121.8
6027,379.4
11449,34.6
9122,56.0
14780,53.4
13660,124.4
9598,214.6
4940,433.8
9389,4.4
15013,595.6
6186,242.6
7094,11.4
7031,243.4
8803,375.8
9305,397.0
5398,463.2
1373,92.8
9052,7.0
3070,464.0
3304,356.2
13103,8.4
11487,153.8
6961,463.6
9652,34.2
4088,34.0
13272,14.4
11222,673.6
12151,522.6
11114,188.8
17211,46.4
4041,158.0
2276,311.0
704,96.4
5562,201.2
1043,4.0
7351,165.6
11846,469.8
1694,32.8
5718,378.4
17061,324.6
1523,217.2
14022,423.0
13459,159.4
1939,318.0
10271,45.8
10172,94.8
3342,4.0
7198,160.0
10438,44.6
11380,523.2
5672,494.0
248,107.8
1873,130.6
17207,75.4
861,121.2
9151,10.2
2666,46.6
4480,325.6
7494,123.2
15008,628.0
7407,19.6
1608,156.2
14520,15.0
2523,19.6
9324,105.0
9731,296.6
1776,241.8
5338,285.2
3500,320.6
16074,153.6
10550,495.8
2420,296.0
14662,82.8
6126,250.0
5418,255.2
5079,215.0
13748,41.2
8743,5.2
15242,230.0
8932,25.4
7054,114.6
4555,279.6
7427,41.6
1738,10.2
4844,467.4
7552,87.6
16598,540.0
16869,244.2
16341,458.6
667,3.6
7075,242.4
3890,125.6
2299,419.2
8509,29.6
13324,146.6
16944,477.4
9418,216.0
2394,194.2
10655,90.2
15976,180.6
17281,60.0
13966,21.0
12199,390.6
7183,136.4
15408,8.0
13834,526.0
1791,10.2
10665,247.8
15867,62.4
2195,281.8
13882,246.8
7298,324.2
10614,398.2
12222,204.6
15328,298.4
16233,5.6
11696,197.0
5924,284.8
6936,192.2
14963,311.6
14491,211.0
7153,368.8
12355,122.6
9069,298.4
13759,245.0
11082,136.6
3607,10.4
14307,277.6
9137,89.6
14799,526.0
11731,94.8
6827,18.2
12312,14.8
14070,203.2
11170,510.2
4645,270.0
5980,374.0
4731,25.2
6091,440.8
13012,135.0
11528,174.0
4777,170.2
3465,23.4
3755,405.8
102,76.6
15137,200.2
6623,424.8
15185,224.6
4032,184.2
3226,307.2
409,14.0
6287,348.6
2301,344.4
16976,64.2
7570,20.6
14180,137.0
7088,130.6
5421,494.6
7666,21.4
11850,149.6
11375,2.8
11119,264.6
14777,292.0
958,165.2
11753,149.0
6770,297.0
2092,39.4
14230,17.0
760,9.4
12785,357.4
8531,10.0
8511,87.2
12912,6.6
13918,11.8
10139,383.4
16658,161.4
1519,75.0
15505,13.0
12410,145.2
567,113.2
9281,184.6
14146,295.6
10277,103.6
6318,315.8
7766,3.8
16670,88.0
1808,8.8
14267,338.4
4805,87.2
9021,157.8
7612,409.8
9513,211.6
11945,263.8
3538,377.6
15786,188.6
17248,25.2
4613,54.6
6967,158.4
6697,155.8
2557,134.6
13786,285.0
13310,649.2
11646,418.8
13528,340.8
1440,9.2
5808,225.0
14597,321.2
13206,252.8
2754,175.6
11214,224.8
8206,162.2
211,3.0
8423,156.6
5532,324.2
7124,92.4
10786,285.8
8328,256.0
15264,13.6
11684,31.0
6964,395.0
9196,8.2
4803,147.4
2530,261.4
5212,20.4
10970,9.8
10087,424.8
13534,40.0
10454,146.4
13492,222.4
6325,11.8
7473,103.4
17042,238.0
1617,124.4
2038,172.2
7245,136.4
10886,734.2
1797,225.2
195,53.8
13129,42.4
14632,388.2
16317,491.0
14141,339.2
15169,17.0
3018,154.0
6281,27.6
12896,257.4
9974,277.6
1981,126.8
7336,113.0
9150,35.4
6740,186.8
3571,363.2
13924,583.6
13592,285.4
356,9.4
4109,58.0
13767,669.0
4558,377.2
16925,75.6
1362,11.6
4056,219.4
1172,93.8
11973,103.2
6319,205.8
8293,6.2
1911,146.8
7781,232.6
7507,167.0
1589,182.0
11788,545.8
9382,296.4
15835,170.0
7239,30.4
9353,127.2
7737,66.8
4181,8.4
3162,195.4
14319,515.4
2710,305.4
5109,513.0
10924,387.4
1017,9.4
791,67.4
4364,666.6
2126,251.2
1251,38.4
15456,20.0
3283,374.6
13061,308.2
10231,455.6
10775,30.8
14934,216.2
14857,7.6
12300,347.0
1798,220.0
7056,165.0
11532,279.6
4531,301.2
12919,228.2
4836,206.6
15271,275.0
6629,395.0
7834,21.0
14797,811.8
12380,31.0
6392,142.4
16690,7.4
14188,93.4
2466,432.4
14452,619.2
1338,9.8
6322,79.6
3903,208.4
5922,119.0
11110,18.8
9703,15.8
17112,423.8
10421,263.6
15953,300.6
11328,12.8
8346,247.2
11105,206.6
8351,160.2
11987,569.6
699,53.0
8455,70.8
12945,262.4
14009,183.8
2718,4.8
13634,184.4
14596,738.6
1031,73.8
10941,49.2
15780,440.0
983,132.6
9484,51.2
2013,332.6
15574,10.2
7510,162.6
1860,47.6
14700,560.6
12825,556.2
9621,230.8
11168,585.8
12907,100.4
12978,174.0
3898,347.0
11272,339.4
5966,75.0
14647,274.2
4601,182.2
15077,437.6
6726,194.2
7068,4.6
14064,41.0
9812,230.2
3463,11.2
13060,554.0
4236,316.6
9838,94.6
6962,451.8
7362,440.4
931,193.4
1268,32.8
11199,330.2
15060,491.8
6393,162.8
15156,580.4
13108,601.4
4498,280.6
14858,27.2
3450,379.6
1595,65.8
7491,315.2
14160,20.0
12402,220.0
8881,174.2
16544,11.4
10693,219.8
3384,248.4
15376,218.4
13458,211.8
1985,98.0
13333,358.8
13030,10.4
13999,541.0
8899,124.2
7455,6.6
3654,6.6
2687,227.4
1442,80.0
15770,197.4
2162,95.2
3200,45.0
15313,54.4
12137,307.8
17028,193.6
10086,346.0
17221,75.4
471,78.4
2672,26.6
3488,15.8
7551,35.4
5730,11.2
9037,111.2
10349,215.4
11425,58.4
16461,320.4
9006,14.0
13666,390.0
7429,15.4
6549,143.4
8065,56.6
9356,275.8
3135,409.8
13803,391.4
991,33.4
7,5.4
6482,261.4
800,80.2
4134,29.8
16437,213.6
13277,405.4
11754,101.0
1628,26.4
9417,81.6
5420,488.2
11862,118.0
6652,401.6
15067,173.6
3974,348.0
7335,20.2
11301,83.4
15285,31.6
10511,14.8
11216,230.2
15576,16.0
16844,338.0
10732,94.0
9162,191.8
1661,233.2
15318,287.4
12737,364.8
14747,315.8
256,9.8
2236,29.0
12135,462.0
806,30.2
2443,263.0
7119,12.2
3421,191.2
16066,5.8
17304,111.6
5601,93.2
14836,186.6
2079,115.2
16694,448.0
14845,533.0
376,6.8
989,57.2
4861,172.8
12726,185.0
2925,272.0
12703,140.8
6837,166.2
9084,215.4
445,74.6
16677,355.0
1679,75.0
9168,68.6
4726,404.4
11090,75.4
7215,46.4
13013,247.8
12399,458.6
2753,245.0
3362,100.6
9589,149.2
2146,51.6
10817,322.6
763,19.0
16174,478.8
2675,333.4
8270,14.8
1824,369.4
2148,259.2
7498,21.0
16466,411.0
9133,75.6
9451,292.0
13667,442.8
13282,221.2
11860,158.8
319,130.8
2382,4.0
6351,5.6
10826,12.8
8157,279.8
15360,26.0
9779,286.6
7988,241.4
17029,373.2
12216,4.2
9042,226.8
9256,151.4
7488,345.4
7258,37.4
2490,135.4
6069,138.6
7499,13.2
2379,31.4
1341,2.2
6702,326.8
13285,756.6
5602,299.6
3723,43.8
10804,38.6
347,42.2
2349,219.6
8717,23.0
808,22.2
11807,31.4
466,101.2
13284,393.0
16855,13.8
1281,181.0
11905,48.6
3734,178.4
690,5.8
17219,94.2
2547,38.6
6041,150.2
12025,52.6
7171,220.0
7720,84.4
9561,255.4
6030,496.8
3357,527.8
15856,255.8
13944,14.2
7267,228.4
10528,627.2
13402,215.8
5496,180.6
2479,6.0
17165,34.6
12864,8.4
10807,291.0
12953,357.4
12679,502.8
15397,441.2
6458,384.0
8729,155.0
14192,326.4
8231,126.6
12097,54.6
15399,284.2
1406,95.8
5797,152.4
1157,32.6
15262,11.0
193,13.0
11058,242.8
8759,364.8
2926,184.2
2377,90.8
4467,147.4
15278,779.0
13020,424.8
7046,5.2
6767,60.2
483,7.6
11054,734.2
7738,35.6
545,65.8
14955,445.8
4513,142.0
911,61.8
9890,4.4
13159,353.4
6037,11.6
9796,41.6
1502,42.6
4084,35.2
7543,162.4
15107,277.6
10393,2.8
5501,10.8
4798,295.8
12063,433.0
5919,8.8
10890,248.0
2310,10.8
2071,5.4
8558,142.4
16766,459.8
4433,200.8
4623,386.4
7845,181.0
11839,466.8
7800,345.8
11025,240.2
12257,286.8
10495,169.6
7731,144.0
5485,204.0
7276,456.4
3195,33.6
10034,4.6
2631,390.2
17037,244.2
5638,61.8
15755,362.0
9188,120.0
11577,207.2
16489,254.8
12219,303.0
1785,35.6
14199,278.4
1133,37.0
5723,266.2
9298,8.0
4168,184.2
5992,43.4
143,5.4
468,83.0
11033,312.6
3932,394.4
4626,364.2
16288,300.6
8924,270.2
8815,44.2
4172,684.8
4960,368.6
9392,38.4
16350,68.2
14104,456.4
6989,184.6
6343,305.0
1139,5.2
13830,431.8
15134,684.6
1241,151.6
154,99.6
17085,296.8
1058,119.6
12386,150.8
6708,12.8
6611,111.2
4572,204.2
13325,234.2
13349,245.6
4107,103.4
520,80.4
8500,46.2
10675,161.6
12024,5.8
17188,33.6
14523,79.8
9103,8.6
16923,161.0
15192,18.0
10415,37.0
12667,243.0
3770,160.0
5976,435.8
15314,123.6
7822,385.4
2072,7.6
1450,329.8
581,45.4
4993,154.6
6076,262.4
15744,15.6
15208,161.2
9115,209.4
14028,437.4
12023,4.6
11016,5.2
10054,82.6
5553,77.8
3089,198.4
4237,219.6
777,107.6
13707,447.8
15757,736.2
9454,246.8
2380,13.0
3330,188.4
6292,403.2
12910,11.6
17254,112.2
1223,14.4
16495,99.2
11787,341.8
4576,190.6
11957,325.2
1748,130.2
14386,261.0
12306,146.8
900,38.8
3812,387.4
7893,179.0
908,172.6
8379,392.2
4546,376.6
2011,87.8
14397,13.6
13453,598.2
5090,133.4
4265,221.6
12779,244.6
14446,16.6
2102,199.8
9716,376.6
111,113.0
13191,382.4
16574,318.8
5585,177.0
8716,57.2
14921,211.0
7561,98.4
12647,30.4
15241,27.0
3985,123.0
15645,40.8
10417,8.4
13525,383.8
12146,35.4
10516,59.6
2352,149.2
13484,76.0
5942,68.2
6256,17.4
2726,110.8
1301,45.6
8896,93.4
2700,194.4
7626,96.8
12011,483.0
7902,108.6
16320,359.6
5324,307.0
4458,362.4
8209,328.4
8170,8.0
2805,271.0
6700,547.0
12290,202.4
9478,102.0
14609,329.2
15428,38.2
7819,181.4
3474,374.0
3255,203.2
4744,167.0
5604,237.8
8817,22.2
10805,63.6
14457,301.8
4934,143.2
4569,200.2
9216,168.4
8378,487.6
12109,710.6
13027,101.0
2767,6.6
2444,239.2
949,11.0
10157,9.4
8806,197.0
17173,36.4
15602,123.8
12694,11.6
8819,24.0
8431,54.0
3984,182.8
16623,328.4
1603,11.4
2056,73.4
9900,150.2
11794,318.6
12407,7.0
17129,192.0
4037,15.6
13067,288.8
6597,217.6
8038,101.4
3206,149.0
13887,597.8
724,61.4
3556,24.4
5767,439.2
350,18.8
9869,28.8
10141,336.4
649,17.8
3063,236.4
14201,193.8
2436,77.2
2807,190.8
12935,6.6
16678,333.8
3874,337.0
1037,61.8
3612,272.8
620,25.8
13145,248.4
6086,10.0
6742,166.6
15398,439.2
6511,171.2
15984,372.6
16582,234.8
5249,188.0
14445,42.2
7518,228.0
3750,8.0
17253,107.6
11584,395.0
2270,199.8
4970,172.2
1226,2.2
13562,131.2
8830,232.4
11845,549.2
10040,469.2
11259,290.0
2509,83.0
9475,274.8
7130,133.0
6023,193.2
570,55.2
15865,32.2
14624,229.6
2998,384.6
14751,580.6
4453,279.4
4784,13.6
2985,155.2
11602,251.4
1721,196.2
13751,7.6
258,4.2
14095,237.0
11986,581.2
13766,752.6
6963,413.6
16612,152.4
7762,39.6
14741,388.2
589,153.0
9441,188.4
6885,90.4
1196,112.8
10380,205.4
7732,372.2
6071,179.2
3740,535.0
8454,84.0
15832,284.2
16967,475.4
12608,277.8
7817,40.8
3506,106.2
10057,10.4
17051,20.6
2104,158.8
12121,21.6
16780,141.0
10742,229.0
15419,292.6
2923,386.4
571,22.8
9970,184.6
938,144.8
4573,153.2
2858,78.4
8891,147.2
14258,196.0
12445,741.2
4355,330.2
14683,178.8
6730,79.6
13146,207.8
9309,146.8
15307,152.6
9294,19.4
15719,5.6
1673,153.6
7763,16.0
17017,156.4
16121,198.4
7309,31.0
2888,26.8
16814,95.4
6002,238.6
15235,97.8
2478,5.2
3902,175.8
16915,207.8
2118,40.4
3187,322.2
731,102.4
1718,16.0
7532,133.8
3219,33.6
9390,4.0
4984,344.8
2055,118.2
6683,21.2
9946,152.0
8525,34.8
4640,12.2
11187,318.8
4919,328.4
9991,12.6
8216,64.6
9545,195.0
6728,121.6
10647,327.6
5167,9.2
16409,223.2
5691,200.0
2164,27.2
2828,503.6
9010,24.4
11841,608.4
12768,7.4
6782,27.8
14949,29.6
2732,407.8
7664,69.4
2372,377.6
4574,159.2
5522,107.4
10564,93.0
3695,291.4
1886,104.2
13043,277.4
15540,574.8
4508,485.2
16403,5.2
44,57.6
17339,36.6
721,149.2
7430,9.8
14890,228.0
2663,214.4
1574,9.4
456,19.6
16358,439.4
11766,218.2
7375,160.8
246,60.4
7545,66.0
3268,79.6
12090,200.4
4327,10.6
10619,308.8
3244,25.0
751,74.0
9676,4.0
3451,475.4
7321,320.6
8746,16.8
5467,427.2
9531,7.4
15669,109.8
12370,229.4
4310,399.8
6094,204.4
7361,319.0
14304,7.6
14884,543.6
14351,56.8
6924,10.2
2359,5.0
2994,193.6
1848,308.0
10639,291.0
13716,387.0
5247,237.6
2516,491.0
14915,100.8
15847,575.8
7870,60.0
14245,753.6
5573,10.8
5795,217.2
9659,95.2
14066,159.6
9608,113.4
6949,27.8
16553,195.0
974,3.0
4312,341.6
10031,71.2
17230,64.8
3747,49.4
9773,4.2
13427,313.8
11458,353.0
1619,90.0
9033,41.0
1754,195.4
5995,443.0
4899,64.4
2578,242.4
3651,20.0
3944,19.2
16190,217.6
1992,155.4
6763,317.6
16183,25.0
1915,129.4
9801,46.8
15141,35.6
12725,295.0
13099,235.6
16929,4.6
9367,9.2
13477,704.6
14382,253.0
598,2.8
7143,8.2
13825,12.2
11893,675.2
11174,503.2
1775,262.2
14957,486.6
3629,53.0
10422,424.8
14077,746.8
13400,262.6
10445,261.4
16728,573.8
8018,375.6
7398,188.8
9988,6.0
304,4.2
4302,30.0
12949,661.0
14781,22.2
4669,137.8
3995,269.8
7969,333.4
9323,52.4
5126,333.2
13037,265.8
12279,596.2
11283,466.8
17231,48.6
11503,448.0
14509,518.6
321,93.0
12454,14.4
613,162.2
9164,158.6
16471,109.2
10180,46.8
12808,318.6
2617,106.6
4938,226.4
14882,198.8
1632,216.6
7909,5.4
11448,4.8
2093,47.6
5293,291.8
5509,146.8
8967,298.2
9432,165.2
10782,479.0
7566,92.0
5168,39.4
5566,418.8
343,77.8
3726,5.4
1416,37.0
2968,459.0
14482,285.2
5459,102.6
15806,724.0
12149,297.8
7544,110.0
12184,297.8
4519,6.0
1622,55.0
8860,48.6
5034,192.2
2860,15.2
14235,415.2
14107,162.2
2482,258.0
7334,6.2
16774,339.6
3368,58.0
9640,226.0
5556,317.4
10841,306.2
4773,393.8
4240,201.4
9520,150.0
8534,102.4
8674,10.0
15730,303.6
4579,338.0
12582,164.6
1631,157.2
7101,183.4
17059,244.0
14148,583.6
14731,109.8
6404,300.4
9097,84.8
10995,35.4
2969,414.4
3087,195.8
11657,235.4
12433,55.4
13692,442.2
6553,190.0
5570,121.6
2652,195.8
2760,203.0
16395,229.2
14129,298.6
9567,125.0
10966,76.6
7678,174.4
11543,6.6
8280,256.0
3429,513.8
8879,283.2
8752,119.2
3973,246.2
15256,303.0
12019,52.0
4848,200.2
4090,257.8
661,46.8
9146,46.0
5586,172.2
5704,8.0
3536,51.2
2391,211.0
12806,575.8
17311,16.2
1713,31.8
8755,123.6
3574,456.6
15350,538.0
4709,11.0
13455,593.8
11771,296.8
8182,151.8
2174,73.2
10189,195.8
16303,127.4
2027,160.8
12138,210.0
14072,288.8
11265,254.2
16338,412.4
11900,51.0
3277,314.6
3428,531.0
6175,380.0
2586,58.6
11738,223.6
2347,176.2
8874,150.4
15825,338.4
11964,603.8
5526,5.4
7315,146.4
5817,281.8
15478,16.6
13185,450.6
6746,198.2
4456,403.4
8653,14.6
16555,124.2
10604,208.6
11043,128.0
4373,11.0
12170,24.4
11212,550.6
2729,171.8
5628,233.6
2788,70.2
3562,302.8
4217,198.2
10332,440.4
4122,361.2
13896,11.6
4120,426.4
13142,560.4
7778,321.0
15479,5.6
1920,262.6
2202,172.8
866,78.4
5644,429.2
15621,30.4
16951,28.2
1140,3.8
15369,419.8
15638,732.8
7234,23.2
17035,235.2
11405,388.2
8523,44.8
5360,18.0
16511,392.0
3331,262.2
7213,3.2
6370,88.6
3935,262.0
2242,53.8
2786,97.6
8248,209.8
5827,16.0
4445,54.6
14828,146.0
2043,35.8
16989,504.0
11885,391.6
16111,41.6
11191,334.6
2818,261.2
9206,103.8
11030,516.8
5289,26.6
12492,585.6
3746,153.0
6930,445.2
5805,62.0
9167,90.4
5295,205.4
16818,349.6
5536,200.0
533,112.6
4280,15.4
987,131.6
11934,256.8
4687,6.6
9469,221.8
4890,190.2
5147,142.0
4287,331.8
3029,9.4
7331,10.6
14698,513.6
3906,170.2
10170,160.8
2623,13.2
5043,30.6
4699,301.2
8778,156.6
14406,203.2
9672,86.8
11278,17.0
6283,112.0
15525,102.2
10122,253.6
14015,52.4
10620,352.6
9331,225.0
14742,202.4
16686,38.8
11171,510.0
14978,219.2
6712,26.4
10935,586.2
11619,346.0
4252,28.8
2871,163.2
9011,25.4
16436,219.8
2004,207.6
7874,459.4
15518,422.4
3416,37.4
9158,147.6
7214,4.2
11498,27.8
3299,122.2
1615,191.0
4688,79.6
2804,304.0
3221,10.2
15212,41.6
11445,37.8
2494,290.6
15073,91.4
15274,265.6
3550,361.4
2766,27.2
11969,293.6
7408,71.8
4975,10.8
9067,179.6
17342,119.8
4679,262.8
15566,507.6
3669,521.6
8917,203.2
13300,557.0
6731,46.6
2064,88.2
8527,12.8
16913,150.2
14065,67.2
298,70.6
8343,14.6
11902,16.6
11644,178.2
9340,5.0
10481,183.6
10394,6.6
15512,571.6
8948,225.4
5030,158.2
6602,301.8
13513,13.0
7990,314.0
7527,33.8
13417,85.0
6108,79.0
8451,157.8
7368,170.2
8481,31.8
12816,13.8
3628,75.6
8433,15.2
15557,178.6
12205,387.0
1961,214.8
8257,101.2
2021,14.2
10065,105.8
8807,146.8
15301,724.6
12795,462.8
4013,11.0
12282,221.6
507,2.6
1744,238.4
6781,71.4
11406,193.4
11818,581.2
6405,208.4
12411,441.0
14958,246.8
1876,45.6
3641,418.0
17105,172.8
15674,22.4
13842,231.2
10115,182.4
2638,118.6
707,133.0
8236,257.4
10956,424.8
4291,376.0
12295,268.2
1458,38.4
8133,273.0
6815,342.6
13166,385.0
12577,58.8
8101,8.8
3022,371.2
5417,179.2
4004,565.4
9582,8.6
4804,105.6
14527,461.8
13928,288.0
12232,189.6
16045,47.0
5700,165.2
6453,92.4
10100,192.6
13530,171.2
14324,116.2
9205,125.6
7578,396.4
12220,519.6
7067,23.4
5989,15.4
9647,99.2
13976,295.0
7169,255.0
6199,343.2
10309,487.4
16801,428.6
9238,232.6
15783,570.8
1984,106.6
4029,451.0
8669,26.4
14626,293.8
15331,170.0
6020,278.2
8372,122.8
15905,421.4
1060,104.6
3989,10.4
5969,7.4
3385,183.6
1189,81.2
16081,530.4
15269,344.0
5433,93.2
2826,208.0
227,129.6
15439,288.2
7681,109.8
13308,500.2
17271,163.6
11064,4.2
3893,8.8
15352,239.6
11949,34.4
8208,263.4
5652,110.8
383,71.4
11063,5.4
14894,563.6
7076,173.6
2569,151.0
4159,10.8
2127,325.2
15531,48.4
16148,505.0
148,101.2
5054,178.8
9989,3.4
8727,112.0
8821,52.4
5864,384.4
12660,548.2
8572,54.0
11255,8.6
15354,204.2
10914,243.6
13679,43.6
6321,121.4
12185,136.8
15277,909.6
5736,147.0
3575,313.6
11522,175.2
4118,392.6
3668,565.4
10110,152.4
8529,5.8
9835,230.6
12847,472.4
4261,162.6
14774,866.6
12822,387.8
7193,337.4
16042,7.2
12811,190.6
3131,79.0
7903,88.6
8931,77.0
7014,243.0
2429,29.0
8095,103.8
4023,194.4
5927,150.8
1581,176.4
6541,10.2
10032,16.6
5301,373.6
7256,117.0
8278,164.0
9528,74.2
5801,38.0
12354,175.0
5026,331.6
13621,602.4
7443,262.4
12265,73.0
5896,15.4
14578,269.0
4368,232.6
2801,318.2
14801,346.8
15430,11.0
11727,449.6
5298,148.0
13795,194.4
4274,157.4
7112,141.4
1349,75.6
16562,414.6
15273,224.2
12538,230.6
15556,645.6
9575,77.6
4549,129.0
1558,49.8
6917,347.0
14038,8.4
13804,589.0
5003,308.2
7216,207.4
15650,128.2
9700,4.8
1235,100.8
1767,23.6
15070,19.8
4030,373.6
12572,34.0
16888,218.8
15011,523.2
13952,301.0
8510,41.2
4697,141.0
15734,542.6
1398,80.2
15351,327.8
497,81.4
6760,28.4
2529,87.2
16028,205.2
10615,358.6
1752,214.8
12965,356.8
6552,206.0
14738,243.8
11637,84.6
6422,10.0
8408,40.4
12427,154.0
5340,213.2
9687,151.4
730,232.0
7410,406.4
5008,168.0
11844,542.0
3530,84.2
7480,18.0
3229,159.4
6814,370.4
2240,6.2
16281,8.0
17090,275.8
162,23.8
4484,326.2
2927,248.6
15609,231.6
16108,168.6
10862,499.6
3620,448.0
14352,24.4
6829,9.8
8099,12.6
1905,5.4
12704,141.4
13243,126.4
6987,345.0
14285,437.2
5833,388.6
15590,588.2
3657,102.0
16353,5.0
15710,318.2
10530,298.8
3756,235.0
15928,508.2
1409,50.0
7660,177.4
5598,9.2
2233,178.6
6803,99.2
9833,281.2
5470,343.2
3776,19.2
2100,97.0
12041,241.0
10503,414.2
8188,293.0
8075,8.8
17172,4.2
2227,194.2
5060,612.4
5332,12.6
335,84.4
7383,46.4
8309,103.6
1792,26.4
14474,135.2
11205,12.4
39,88.4
8441,98.0
8790,52.0
7252,393.8
13516,137.2
5546,113.4
12993,497.6
6972,50.4
5990,7.0
2156,299.4
16157,166.8
10540,141.4
14311,258.0
13036,535.6
3666,211.2
6679,191.8
6235,371.4
14361,340.4
2795,79.6
3493,280.6
3251,305.4
13543,222.4
16404,28.0
652,88.6
1594,94.0
12346,592.6
16091,19.2
616,45.6
12250,276.6
10140,367.4
12452,64.2
5786,506.8
4129,228.0
6425,125.2
7501,5.8
1649,51.2
3540,258.8
8522,51.2
2615,123.2
2849,173.8
11343,110.2
12051,129.8
2081,210.8
10932,306.6
8263,134.4
17217,12.0
13633,30.8
10022,150.0
11667,48.4
9068,307.8
6092,239.0
4973,87.2
17276,248.4
12408,12.8
14965,801.6
1072,177.6
17049,7.0
7872,96.0
3970,30.8
3926,202.6
16181,79.0
9879,135.2
8425,256.6
14466,252.2
12731,267.4
16243,217.0
14709,22.6
9155,49.0
16884,95.6
3081,71.0
15171,106.2
2736,235.4
9232,181.4
16706,238.0
9258,120.6
2695,4.4
14338,406.2
9290,82.0
3842,98.6
16563,236.4
1703,82.2
7557,56.0
5110,417.6
9380,380.8
5773,134.6
